"","sc","year","stock","value","data"
"1","01_Reproduce_the_advice_Celtic_Sea_2020","2020","cod.27.7e-k","catch",1056
"2","01_Reproduce_the_advice_Celtic_Sea_2020","2020","cod.27.7e-k","discards",0
"3","01_Reproduce_the_advice_Celtic_Sea_2020","2020","cod.27.7e-k","Fbar",0.477
"4","01_Reproduce_the_advice_Celtic_Sea_2020","2020","cod.27.7e-k","FmultVsF19",0.42
"5","01_Reproduce_the_advice_Celtic_Sea_2020","2020","cod.27.7e-k","landings",1056
"6","01_Reproduce_the_advice_Celtic_Sea_2020","2020","cod.27.7e-k","ssb",1587
"7","01_Reproduce_the_advice_Celtic_Sea_2020","2020","had.27.7b-k","catch",20278
"8","01_Reproduce_the_advice_Celtic_Sea_2020","2020","had.27.7b-k","discards",0
"9","01_Reproduce_the_advice_Celtic_Sea_2020","2020","had.27.7b-k","Fbar",0.406
"10","01_Reproduce_the_advice_Celtic_Sea_2020","2020","had.27.7b-k","FmultVsF19",1
"11","01_Reproduce_the_advice_Celtic_Sea_2020","2020","had.27.7b-k","landings",20278
"12","01_Reproduce_the_advice_Celtic_Sea_2020","2020","had.27.7b-k","ssb",66461
"13","01_Reproduce_the_advice_Celtic_Sea_2020","2020","meg.27.7b-k8abd","catch",20124
"14","01_Reproduce_the_advice_Celtic_Sea_2020","2020","meg.27.7b-k8abd","discards",0
"15","01_Reproduce_the_advice_Celtic_Sea_2020","2020","meg.27.7b-k8abd","Fbar",0.21
"16","01_Reproduce_the_advice_Celtic_Sea_2020","2020","meg.27.7b-k8abd","FmultVsF19",1.2
"17","01_Reproduce_the_advice_Celtic_Sea_2020","2020","meg.27.7b-k8abd","landings",20124
"18","01_Reproduce_the_advice_Celtic_Sea_2020","2020","meg.27.7b-k8abd","ssb",106654
"19","01_Reproduce_the_advice_Celtic_Sea_2020","2020","mon.27.78abd","catch",24349
"20","01_Reproduce_the_advice_Celtic_Sea_2020","2020","mon.27.78abd","discards",0
"21","01_Reproduce_the_advice_Celtic_Sea_2020","2020","mon.27.78abd","Fbar",0.22
"22","01_Reproduce_the_advice_Celtic_Sea_2020","2020","mon.27.78abd","FmultVsF19",1
"23","01_Reproduce_the_advice_Celtic_Sea_2020","2020","mon.27.78abd","landings",24349
"24","01_Reproduce_the_advice_Celtic_Sea_2020","2020","mon.27.78abd","ssb",68952
"25","01_Reproduce_the_advice_Celtic_Sea_2020","2020","nep.27.7bk","catch",8071
"26","01_Reproduce_the_advice_Celtic_Sea_2020","2020","nep.27.7bk","discards",0
"27","01_Reproduce_the_advice_Celtic_Sea_2020","2020","nep.27.7bk","discards.dead",NA
"28","01_Reproduce_the_advice_Celtic_Sea_2020","2020","nep.27.7bk","discards.surviving",NA
"29","01_Reproduce_the_advice_Celtic_Sea_2020","2020","nep.27.7bk","Fbar",NA
"30","01_Reproduce_the_advice_Celtic_Sea_2020","2020","nep.27.7bk","FmultVsF19",NA
"31","01_Reproduce_the_advice_Celtic_Sea_2020","2020","nep.27.7bk","landings",8071
"32","01_Reproduce_the_advice_Celtic_Sea_2020","2020","sol.27.7fg","catch",1652
"33","01_Reproduce_the_advice_Celtic_Sea_2020","2020","sol.27.7fg","discards",0
"34","01_Reproduce_the_advice_Celtic_Sea_2020","2020","sol.27.7fg","Fbar",0.296
"35","01_Reproduce_the_advice_Celtic_Sea_2020","2020","sol.27.7fg","FmultVsF19",1.25
"36","01_Reproduce_the_advice_Celtic_Sea_2020","2020","sol.27.7fg","landings",1652
"37","01_Reproduce_the_advice_Celtic_Sea_2020","2020","sol.27.7fg","ssb",6286
"38","01_Reproduce_the_advice_Celtic_Sea_2020","2020","whg.27.7b-ce-k","catch",8750
"39","01_Reproduce_the_advice_Celtic_Sea_2020","2020","whg.27.7b-ce-k","discards",0
"40","01_Reproduce_the_advice_Celtic_Sea_2020","2020","whg.27.7b-ce-k","Fbar",0.495
"41","01_Reproduce_the_advice_Celtic_Sea_2020","2020","whg.27.7b-ce-k","FmultVsF19",1.4
"42","01_Reproduce_the_advice_Celtic_Sea_2020","2020","whg.27.7b-ce-k","landings",8750
"43","01_Reproduce_the_advice_Celtic_Sea_2020","2020","whg.27.7b-ce-k","ssb",30976
"44","01_Reproduce_the_advice_Celtic_Sea_2020","2021","cod.27.7e-k","catch",0
"45","01_Reproduce_the_advice_Celtic_Sea_2020","2021","cod.27.7e-k","discards",0
"46","01_Reproduce_the_advice_Celtic_Sea_2020","2021","cod.27.7e-k","Fbar",0
"47","01_Reproduce_the_advice_Celtic_Sea_2020","2021","cod.27.7e-k","FmultVsF19",0
"48","01_Reproduce_the_advice_Celtic_Sea_2020","2021","cod.27.7e-k","landings",0
"49","01_Reproduce_the_advice_Celtic_Sea_2020","2021","cod.27.7e-k","ssb",2942
"50","01_Reproduce_the_advice_Celtic_Sea_2020","2021","had.27.7b-k","catch",18425
"51","01_Reproduce_the_advice_Celtic_Sea_2020","2021","had.27.7b-k","discards",0
"52","01_Reproduce_the_advice_Celtic_Sea_2020","2021","had.27.7b-k","Fbar",0.353
"53","01_Reproduce_the_advice_Celtic_Sea_2020","2021","had.27.7b-k","FmultVsF19",0.87
"54","01_Reproduce_the_advice_Celtic_Sea_2020","2021","had.27.7b-k","landings",18425
"55","01_Reproduce_the_advice_Celtic_Sea_2020","2021","had.27.7b-k","ssb",71490
"56","01_Reproduce_the_advice_Celtic_Sea_2020","2021","meg.27.7b-k8abd","catch",19030
"57","01_Reproduce_the_advice_Celtic_Sea_2020","2021","meg.27.7b-k8abd","discards",0
"58","01_Reproduce_the_advice_Celtic_Sea_2020","2021","meg.27.7b-k8abd","Fbar",0.19
"59","01_Reproduce_the_advice_Celtic_Sea_2020","2021","meg.27.7b-k8abd","FmultVsF19",1.08
"60","01_Reproduce_the_advice_Celtic_Sea_2020","2021","meg.27.7b-k8abd","landings",19030
"61","01_Reproduce_the_advice_Celtic_Sea_2020","2021","meg.27.7b-k8abd","ssb",110436
"62","01_Reproduce_the_advice_Celtic_Sea_2020","2021","mon.27.78abd","catch",34577
"63","01_Reproduce_the_advice_Celtic_Sea_2020","2021","mon.27.78abd","discards",0
"64","01_Reproduce_the_advice_Celtic_Sea_2020","2021","mon.27.78abd","Fbar",0.28
"65","01_Reproduce_the_advice_Celtic_Sea_2020","2021","mon.27.78abd","FmultVsF19",1.28
"66","01_Reproduce_the_advice_Celtic_Sea_2020","2021","mon.27.78abd","landings",34577
"67","01_Reproduce_the_advice_Celtic_Sea_2020","2021","mon.27.78abd","ssb",72213
"68","01_Reproduce_the_advice_Celtic_Sea_2020","2021","nep.27.7bk","catch",7813
"69","01_Reproduce_the_advice_Celtic_Sea_2020","2021","nep.27.7bk","discards",697
"70","01_Reproduce_the_advice_Celtic_Sea_2020","2021","nep.27.7bk","discards.dead",NA
"71","01_Reproduce_the_advice_Celtic_Sea_2020","2021","nep.27.7bk","discards.surviving",NA
"72","01_Reproduce_the_advice_Celtic_Sea_2020","2021","nep.27.7bk","Fbar",NA
"73","01_Reproduce_the_advice_Celtic_Sea_2020","2021","nep.27.7bk","FmultVsF19",NA
"74","01_Reproduce_the_advice_Celtic_Sea_2020","2021","nep.27.7bk","landings",7117
"75","01_Reproduce_the_advice_Celtic_Sea_2020","2021","sol.27.7fg","catch",1417
"76","01_Reproduce_the_advice_Celtic_Sea_2020","2021","sol.27.7fg","discards",0
"77","01_Reproduce_the_advice_Celtic_Sea_2020","2021","sol.27.7fg","Fbar",0.251
"78","01_Reproduce_the_advice_Celtic_Sea_2020","2021","sol.27.7fg","FmultVsF19",1.04
"79","01_Reproduce_the_advice_Celtic_Sea_2020","2021","sol.27.7fg","landings",1417
"80","01_Reproduce_the_advice_Celtic_Sea_2020","2021","sol.27.7fg","ssb",6194
"81","01_Reproduce_the_advice_Celtic_Sea_2020","2021","whg.27.7b-ce-k","catch",5265
"82","01_Reproduce_the_advice_Celtic_Sea_2020","2021","whg.27.7b-ce-k","discards",0
"83","01_Reproduce_the_advice_Celtic_Sea_2020","2021","whg.27.7b-ce-k","Fbar",0.268
"84","01_Reproduce_the_advice_Celtic_Sea_2020","2021","whg.27.7b-ce-k","FmultVsF19",0.75
"85","01_Reproduce_the_advice_Celtic_Sea_2020","2021","whg.27.7b-ce-k","landings",5265
"86","01_Reproduce_the_advice_Celtic_Sea_2020","2021","whg.27.7b-ce-k","ssb",32029
"87","01_Reproduce_the_advice_Celtic_Sea_2020","2022","cod.27.7e-k","ssb",6075
"88","01_Reproduce_the_advice_Celtic_Sea_2020","2022","had.27.7b-k","ssb",69915
"89","01_Reproduce_the_advice_Celtic_Sea_2020","2022","meg.27.7b-k8abd","ssb",114497
"90","01_Reproduce_the_advice_Celtic_Sea_2020","2022","mon.27.78abd","ssb",80416
"91","01_Reproduce_the_advice_Celtic_Sea_2020","2022","sol.27.7fg","ssb",5997
"92","01_Reproduce_the_advice_Celtic_Sea_2020","2022","whg.27.7b-ce-k","ssb",37472
"93","cod_FARMSY","2020","cod.27.7e-k","discards",0
"94","cod_FARMSY","2020","cod.27.7e-k","Fbar",0.477
"95","cod_FARMSY","2020","cod.27.7e-k","FmultVsF19",0.540961170687532
"96","cod_FARMSY","2020","cod.27.7e-k","landings",1056
"97","cod_FARMSY","2020","cod.27.7e-k","ssb",1587
"98","cod_FARMSY","2020","had.27.7b-k","discards",0
"99","cod_FARMSY","2020","had.27.7b-k","Fbar",0.406
"100","cod_FARMSY","2020","had.27.7b-k","FmultVsF19",0.164765661814518
"101","cod_FARMSY","2020","had.27.7b-k","landings",20126
"102","cod_FARMSY","2020","had.27.7b-k","ssb",66443
"103","cod_FARMSY","2020","meg.27.7b-k8abd","discards",0
"104","cod_FARMSY","2020","meg.27.7b-k8abd","Fbar",0.212741780334974
"105","cod_FARMSY","2020","meg.27.7b-k8abd","FmultVsF19",1.2
"106","cod_FARMSY","2020","meg.27.7b-k8abd","landings",20124
"107","cod_FARMSY","2020","meg.27.7b-k8abd","ssb",106654
"108","cod_FARMSY","2020","mon.27.78abd","discards",0
"109","cod_FARMSY","2020","mon.27.78abd","Fbar",0.219383
"110","cod_FARMSY","2020","mon.27.78abd","FmultVsF19",1
"111","cod_FARMSY","2020","mon.27.78abd","landings",24349
"112","cod_FARMSY","2020","mon.27.78abd","ssb",68952
"113","cod_FARMSY","2020","nep.27.7bk","Fbar",NA
"114","cod_FARMSY","2020","nep.27.7bk","FmultVsF19",NA
"115","cod_FARMSY","2020","nep.27.7bk","landings",NA
"116","cod_FARMSY","2020","sol.27.7fg","discards",0
"117","cod_FARMSY","2020","sol.27.7fg","Fbar",0.296
"118","cod_FARMSY","2020","sol.27.7fg","FmultVsF19",0.0715682542647043
"119","cod_FARMSY","2020","sol.27.7fg","landings",1652
"120","cod_FARMSY","2020","sol.27.7fg","ssb",6286
"121","cod_FARMSY","2020","whg.27.7b-ce-k","discards",0
"122","cod_FARMSY","2020","whg.27.7b-ce-k","Fbar",0.495
"123","cod_FARMSY","2020","whg.27.7b-ce-k","FmultVsF19",0.176088235379835
"124","cod_FARMSY","2020","whg.27.7b-ce-k","landings",8744
"125","cod_FARMSY","2020","whg.27.7b-ce-k","ssb",30956
"126","cod_FARMSY","2021","cod.27.7e-k","discards",0
"127","cod_FARMSY","2021","cod.27.7e-k","Fbar",0.147
"128","cod_FARMSY","2021","cod.27.7e-k","FmultVsF19",0.166711304174145
"129","cod_FARMSY","2021","cod.27.7e-k","landings",544
"130","cod_FARMSY","2021","cod.27.7e-k","ssb",2942
"131","cod_FARMSY","2021","had.27.7b-k","discards",0
"132","cod_FARMSY","2021","had.27.7b-k","Fbar",0.056
"133","cod_FARMSY","2021","had.27.7b-k","FmultVsF19",0.0227262981813129
"134","cod_FARMSY","2021","had.27.7b-k","landings",3297
"135","cod_FARMSY","2021","had.27.7b-k","ssb",71577
"136","cod_FARMSY","2021","meg.27.7b-k8abd","discards",0
"137","cod_FARMSY","2021","meg.27.7b-k8abd","Fbar",0.0236828519751608
"138","cod_FARMSY","2021","meg.27.7b-k8abd","FmultVsF19",0.13
"139","cod_FARMSY","2021","meg.27.7b-k8abd","landings",2562
"140","cod_FARMSY","2021","meg.27.7b-k8abd","ssb",110436
"141","cod_FARMSY","2021","mon.27.78abd","discards",0
"142","cod_FARMSY","2021","mon.27.78abd","Fbar",0.0337687685836649
"143","cod_FARMSY","2021","mon.27.78abd","FmultVsF19",0.15
"144","cod_FARMSY","2021","mon.27.78abd","landings",4641
"145","cod_FARMSY","2021","mon.27.78abd","ssb",72213
"146","cod_FARMSY","2021","nep.27.7bk","Fbar",NA
"147","cod_FARMSY","2021","nep.27.7bk","FmultVsF19",NA
"148","cod_FARMSY","2021","nep.27.7bk","landings",931.209058384117
"149","cod_FARMSY","2021","sol.27.7fg","discards",0
"150","cod_FARMSY","2021","sol.27.7fg","Fbar",0.029
"151","cod_FARMSY","2021","sol.27.7fg","FmultVsF19",0.00701175464079873
"152","cod_FARMSY","2021","sol.27.7fg","landings",183
"153","cod_FARMSY","2021","sol.27.7fg","ssb",6194
"154","cod_FARMSY","2021","whg.27.7b-ce-k","discards",0
"155","cod_FARMSY","2021","whg.27.7b-ce-k","Fbar",0.073
"156","cod_FARMSY","2021","whg.27.7b-ce-k","FmultVsF19",0.0259685680459151
"157","cod_FARMSY","2021","whg.27.7b-ce-k","landings",1563
"158","cod_FARMSY","2021","whg.27.7b-ce-k","ssb",32069
"159","cod_FARMSY","2022","cod.27.7e-k","ssb",5272
"160","cod_FARMSY","2022","had.27.7b-k","ssb",87795
"161","cod_FARMSY","2022","meg.27.7b-k8abd","ssb",132074
"162","cod_FARMSY","2022","mon.27.78abd","ssb",99861
"163","cod_FARMSY","2022","sol.27.7fg","ssb",7273
"164","cod_FARMSY","2022","whg.27.7b-ce-k","ssb",40652
"165","had.27.7b-k","2020","cod.27.7e-k","discards",0
"166","had.27.7b-k","2020","cod.27.7e-k","Fbar",0.477
"167","had.27.7b-k","2020","cod.27.7e-k","FmultVsF19",0.540961170687532
"168","had.27.7b-k","2020","cod.27.7e-k","landings",1056
"169","had.27.7b-k","2020","cod.27.7e-k","ssb",1587
"170","had.27.7b-k","2020","had.27.7b-k","discards",0
"171","had.27.7b-k","2020","had.27.7b-k","Fbar",0.406
"172","had.27.7b-k","2020","had.27.7b-k","FmultVsF19",0.164765661814518
"173","had.27.7b-k","2020","had.27.7b-k","landings",20277
"174","had.27.7b-k","2020","had.27.7b-k","ssb",66478
"175","had.27.7b-k","2020","meg.27.7b-k8abd","discards",0
"176","had.27.7b-k","2020","meg.27.7b-k8abd","Fbar",0.212741780334974
"177","had.27.7b-k","2020","meg.27.7b-k8abd","FmultVsF19",1.2
"178","had.27.7b-k","2020","meg.27.7b-k8abd","landings",20124
"179","had.27.7b-k","2020","meg.27.7b-k8abd","ssb",106654
"180","had.27.7b-k","2020","mon.27.78abd","discards",0
"181","had.27.7b-k","2020","mon.27.78abd","Fbar",0.219383
"182","had.27.7b-k","2020","mon.27.78abd","FmultVsF19",1
"183","had.27.7b-k","2020","mon.27.78abd","landings",24349
"184","had.27.7b-k","2020","mon.27.78abd","ssb",68952
"185","had.27.7b-k","2020","nep.27.7bk","Fbar",NA
"186","had.27.7b-k","2020","nep.27.7bk","FmultVsF19",NA
"187","had.27.7b-k","2020","nep.27.7bk","landings",NA
"188","had.27.7b-k","2020","sol.27.7fg","discards",0
"189","had.27.7b-k","2020","sol.27.7fg","Fbar",0.296
"190","had.27.7b-k","2020","sol.27.7fg","FmultVsF19",0.0715682542647043
"191","had.27.7b-k","2020","sol.27.7fg","landings",1652
"192","had.27.7b-k","2020","sol.27.7fg","ssb",6286
"193","had.27.7b-k","2020","whg.27.7b-ce-k","discards",0
"194","had.27.7b-k","2020","whg.27.7b-ce-k","Fbar",0.495
"195","had.27.7b-k","2020","whg.27.7b-ce-k","FmultVsF19",0.176088235379835
"196","had.27.7b-k","2020","whg.27.7b-ce-k","landings",8719
"197","had.27.7b-k","2020","whg.27.7b-ce-k","ssb",30961
"198","had.27.7b-k","2021","cod.27.7e-k","discards",0
"199","had.27.7b-k","2021","cod.27.7e-k","Fbar",0.982
"200","had.27.7b-k","2021","cod.27.7e-k","FmultVsF19",1.11367687550347
"201","had.27.7b-k","2021","cod.27.7e-k","landings",2548
"202","had.27.7b-k","2021","cod.27.7e-k","ssb",2942
"203","had.27.7b-k","2021","had.27.7b-k","discards",0
"204","had.27.7b-k","2021","had.27.7b-k","Fbar",0.353
"205","had.27.7b-k","2021","had.27.7b-k","FmultVsF19",0.143256843892919
"206","had.27.7b-k","2021","had.27.7b-k","landings",18416
"207","had.27.7b-k","2021","had.27.7b-k","ssb",71716
"208","had.27.7b-k","2021","meg.27.7b-k8abd","discards",0
"209","had.27.7b-k","2021","meg.27.7b-k8abd","Fbar",0.168285123388733
"210","had.27.7b-k","2021","meg.27.7b-k8abd","FmultVsF19",0.95
"211","had.27.7b-k","2021","meg.27.7b-k8abd","landings",16952
"212","had.27.7b-k","2021","meg.27.7b-k8abd","ssb",110436
"213","had.27.7b-k","2021","mon.27.78abd","discards",0
"214","had.27.7b-k","2021","mon.27.78abd","Fbar",0.22726346641304
"215","had.27.7b-k","2021","mon.27.78abd","FmultVsF19",1.04
"216","had.27.7b-k","2021","mon.27.78abd","landings",28702
"217","had.27.7b-k","2021","mon.27.78abd","ssb",72213
"218","had.27.7b-k","2021","nep.27.7bk","Fbar",NA
"219","had.27.7b-k","2021","nep.27.7bk","FmultVsF19",NA
"220","had.27.7b-k","2021","nep.27.7bk","landings",7225.09241062172
"221","had.27.7b-k","2021","sol.27.7fg","discards",0
"222","had.27.7b-k","2021","sol.27.7fg","Fbar",0.114
"223","had.27.7b-k","2021","sol.27.7fg","FmultVsF19",0.0275634492776226
"224","had.27.7b-k","2021","sol.27.7fg","landings",688
"225","had.27.7b-k","2021","sol.27.7fg","ssb",6194
"226","had.27.7b-k","2021","whg.27.7b-ce-k","discards",0
"227","had.27.7b-k","2021","whg.27.7b-ce-k","Fbar",0.485
"228","had.27.7b-k","2021","whg.27.7b-ce-k","FmultVsF19",0.172530897291354
"229","had.27.7b-k","2021","whg.27.7b-ce-k","landings",8667
"230","had.27.7b-k","2021","whg.27.7b-ce-k","ssb",32129
"231","had.27.7b-k","2022","cod.27.7e-k","ssb",2410
"232","had.27.7b-k","2022","had.27.7b-k","ssb",70379
"233","had.27.7b-k","2022","meg.27.7b-k8abd","ssb",116707
"234","had.27.7b-k","2022","mon.27.78abd","ssb",84203
"235","had.27.7b-k","2022","sol.27.7fg","ssb",6750
"236","had.27.7b-k","2022","whg.27.7b-ce-k","ssb",34720
"237","max","2020","cod.27.7e-k","discards",0
"238","max","2020","cod.27.7e-k","Fbar",0.477
"239","max","2020","cod.27.7e-k","FmultVsF19",0.540961170687532
"240","max","2020","cod.27.7e-k","landings",1056
"241","max","2020","cod.27.7e-k","ssb",1587
"242","max","2020","had.27.7b-k","discards",0
"243","max","2020","had.27.7b-k","Fbar",0.406
"244","max","2020","had.27.7b-k","FmultVsF19",0.164765661814518
"245","max","2020","had.27.7b-k","landings",20119
"246","max","2020","had.27.7b-k","ssb",66616
"247","max","2020","meg.27.7b-k8abd","discards",0
"248","max","2020","meg.27.7b-k8abd","Fbar",0.212741780334974
"249","max","2020","meg.27.7b-k8abd","FmultVsF19",1.2
"250","max","2020","meg.27.7b-k8abd","landings",20124
"251","max","2020","meg.27.7b-k8abd","ssb",106654
"252","max","2020","mon.27.78abd","discards",0
"253","max","2020","mon.27.78abd","Fbar",0.219383
"254","max","2020","mon.27.78abd","FmultVsF19",1
"255","max","2020","mon.27.78abd","landings",24349
"256","max","2020","mon.27.78abd","ssb",68952
"257","max","2020","nep.27.7bk","Fbar",NA
"258","max","2020","nep.27.7bk","FmultVsF19",NA
"259","max","2020","nep.27.7bk","landings",NA
"260","max","2020","sol.27.7fg","discards",0
"261","max","2020","sol.27.7fg","Fbar",0.296
"262","max","2020","sol.27.7fg","FmultVsF19",0.0715682542647043
"263","max","2020","sol.27.7fg","landings",1652
"264","max","2020","sol.27.7fg","ssb",6286
"265","max","2020","whg.27.7b-ce-k","discards",0
"266","max","2020","whg.27.7b-ce-k","Fbar",0.495
"267","max","2020","whg.27.7b-ce-k","FmultVsF19",0.176088235379835
"268","max","2020","whg.27.7b-ce-k","landings",8735
"269","max","2020","whg.27.7b-ce-k","ssb",30962
"270","max","2021","cod.27.7e-k","discards",0
"271","max","2021","cod.27.7e-k","Fbar",1.978
"272","max","2021","cod.27.7e-k","FmultVsF19",2.24323101807115
"273","max","2021","cod.27.7e-k","landings",3614
"274","max","2021","cod.27.7e-k","ssb",2942
"275","max","2021","had.27.7b-k","discards",0
"276","max","2021","had.27.7b-k","Fbar",0.667
"277","max","2021","had.27.7b-k","FmultVsF19",0.270686444409566
"278","max","2021","had.27.7b-k","landings",30907
"279","max","2021","had.27.7b-k","ssb",71538
"280","max","2021","meg.27.7b-k8abd","discards",0
"281","max","2021","meg.27.7b-k8abd","Fbar",0.511717665049347
"282","max","2021","meg.27.7b-k8abd","FmultVsF19",2.89
"283","max","2021","meg.27.7b-k8abd","landings",43915
"284","max","2021","meg.27.7b-k8abd","ssb",110436
"285","max","2021","mon.27.78abd","discards",0
"286","max","2021","mon.27.78abd","Fbar",0.56992328751437
"287","max","2021","mon.27.78abd","FmultVsF19",2.6
"288","max","2021","mon.27.78abd","landings",62462
"289","max","2021","mon.27.78abd","ssb",72213
"290","max","2021","nep.27.7bk","Fbar",NA
"291","max","2021","nep.27.7bk","FmultVsF19",NA
"292","max","2021","nep.27.7bk","landings",24193.4573423288
"293","max","2021","sol.27.7fg","discards",0
"294","max","2021","sol.27.7fg","Fbar",0.528
"295","max","2021","sol.27.7fg","FmultVsF19",0.127662291391094
"296","max","2021","sol.27.7fg","landings",2620
"297","max","2021","sol.27.7fg","ssb",6194
"298","max","2021","whg.27.7b-ce-k","discards",0
"299","max","2021","whg.27.7b-ce-k","Fbar",0.886
"300","max","2021","whg.27.7b-ce-k","FmultVsF19",0.315180154639463
"301","max","2021","whg.27.7b-ce-k","landings",13635
"302","max","2021","whg.27.7b-ce-k","ssb",32142
"303","max","2022","cod.27.7e-k","ssb",995
"304","max","2022","had.27.7b-k","ssb",56100
"305","max","2022","meg.27.7b-k8abd","ssb",88260
"306","max","2022","mon.27.78abd","ssb",62655
"307","max","2022","sol.27.7fg","ssb",4769
"308","max","2022","whg.27.7b-ce-k","ssb",30740
"309","min","2020","cod.27.7e-k","discards",0
"310","min","2020","cod.27.7e-k","Fbar",0.477
"311","min","2020","cod.27.7e-k","FmultVsF19",0.540961170687532
"312","min","2020","cod.27.7e-k","landings",1056
"313","min","2020","cod.27.7e-k","ssb",1587
"314","min","2020","had.27.7b-k","discards",0
"315","min","2020","had.27.7b-k","Fbar",0.406
"316","min","2020","had.27.7b-k","FmultVsF19",0.164765661814518
"317","min","2020","had.27.7b-k","landings",20253
"318","min","2020","had.27.7b-k","ssb",66348
"319","min","2020","meg.27.7b-k8abd","discards",0
"320","min","2020","meg.27.7b-k8abd","Fbar",0.212741780334974
"321","min","2020","meg.27.7b-k8abd","FmultVsF19",1.2
"322","min","2020","meg.27.7b-k8abd","landings",20124
"323","min","2020","meg.27.7b-k8abd","ssb",106654
"324","min","2020","mon.27.78abd","discards",0
"325","min","2020","mon.27.78abd","Fbar",0.219383
"326","min","2020","mon.27.78abd","FmultVsF19",1
"327","min","2020","mon.27.78abd","landings",24349
"328","min","2020","mon.27.78abd","ssb",68952
"329","min","2020","nep.27.7bk","Fbar",NA
"330","min","2020","nep.27.7bk","FmultVsF19",NA
"331","min","2020","nep.27.7bk","landings",NA
"332","min","2020","sol.27.7fg","discards",0
"333","min","2020","sol.27.7fg","Fbar",0.296
"334","min","2020","sol.27.7fg","FmultVsF19",0.0715682542647043
"335","min","2020","sol.27.7fg","landings",1652
"336","min","2020","sol.27.7fg","ssb",6286
"337","min","2020","whg.27.7b-ce-k","discards",0
"338","min","2020","whg.27.7b-ce-k","Fbar",0.495
"339","min","2020","whg.27.7b-ce-k","FmultVsF19",0.176088235379835
"340","min","2020","whg.27.7b-ce-k","landings",8765
"341","min","2020","whg.27.7b-ce-k","ssb",30941
"342","min","2021","cod.27.7e-k","discards",0
"343","min","2021","cod.27.7e-k","Fbar",0
"344","min","2021","cod.27.7e-k","FmultVsF19",0
"345","min","2021","cod.27.7e-k","landings",0
"346","min","2021","cod.27.7e-k","ssb",2942
"347","min","2021","had.27.7b-k","discards",0
"348","min","2021","had.27.7b-k","Fbar",0
"349","min","2021","had.27.7b-k","FmultVsF19",0
"350","min","2021","had.27.7b-k","landings",0
"351","min","2021","had.27.7b-k","ssb",71487
"352","min","2021","meg.27.7b-k8abd","discards",0
"353","min","2021","meg.27.7b-k8abd","Fbar",0
"354","min","2021","meg.27.7b-k8abd","FmultVsF19",0
"355","min","2021","meg.27.7b-k8abd","landings",0
"356","min","2021","meg.27.7b-k8abd","ssb",110436
"357","min","2021","mon.27.78abd","discards",0
"358","min","2021","mon.27.78abd","Fbar",0
"359","min","2021","mon.27.78abd","FmultVsF19",0
"360","min","2021","mon.27.78abd","landings",0
"361","min","2021","mon.27.78abd","ssb",72213
"362","min","2021","nep.27.7bk","Fbar",NA
"363","min","2021","nep.27.7bk","FmultVsF19",NA
"364","min","2021","nep.27.7bk","landings",0
"365","min","2021","sol.27.7fg","discards",0
"366","min","2021","sol.27.7fg","Fbar",0
"367","min","2021","sol.27.7fg","FmultVsF19",0
"368","min","2021","sol.27.7fg","landings",0
"369","min","2021","sol.27.7fg","ssb",6194
"370","min","2021","whg.27.7b-ce-k","discards",0
"371","min","2021","whg.27.7b-ce-k","Fbar",0
"372","min","2021","whg.27.7b-ce-k","FmultVsF19",0
"373","min","2021","whg.27.7b-ce-k","landings",0
"374","min","2021","whg.27.7b-ce-k","ssb",32089
"375","min","2022","cod.27.7e-k","ssb",6076
"376","min","2022","had.27.7b-k","ssb",91362
"377","min","2022","meg.27.7b-k8abd","ssb",134821
"378","min","2022","mon.27.78abd","ssb",102907
"379","min","2022","sol.27.7fg","ssb",7462
"380","min","2022","whg.27.7b-ce-k","ssb",42080
"381","range","2020","cod.27.7e-k","catch",1056
"382","range","2020","cod.27.7e-k","discards",0
"383","range","2020","cod.27.7e-k","Fbar",0.477
"384","range","2020","cod.27.7e-k","FmultVsF19",0.77
"385","range","2020","cod.27.7e-k","landings",1056
"386","range","2020","cod.27.7e-k","ssb",1587
"387","range","2020","had.27.7b-k","catch",20230
"388","range","2020","had.27.7b-k","discards",0
"389","range","2020","had.27.7b-k","Fbar",0.406
"390","range","2020","had.27.7b-k","FmultVsF19",1
"391","range","2020","had.27.7b-k","landings",20230
"392","range","2020","had.27.7b-k","ssb",66238
"393","range","2020","meg.27.7b-k8abd","catch",20124
"394","range","2020","meg.27.7b-k8abd","discards",0
"395","range","2020","meg.27.7b-k8abd","Fbar",0.21
"396","range","2020","meg.27.7b-k8abd","FmultVsF19",1.2
"397","range","2020","meg.27.7b-k8abd","landings",20124
"398","range","2020","meg.27.7b-k8abd","ssb",106654
"399","range","2020","mon.27.78abd","catch",24349
"400","range","2020","mon.27.78abd","discards",0
"401","range","2020","mon.27.78abd","Fbar",0.22
"402","range","2020","mon.27.78abd","FmultVsF19",1
"403","range","2020","mon.27.78abd","landings",24349
"404","range","2020","mon.27.78abd","ssb",68952
"405","range","2020","nep.27.7bk","catch",8071
"406","range","2020","nep.27.7bk","discards",0
"407","range","2020","nep.27.7bk","discards.dead",NA
"408","range","2020","nep.27.7bk","discards.surviving",NA
"409","range","2020","nep.27.7bk","Fbar",NA
"410","range","2020","nep.27.7bk","FmultVsF19",NA
"411","range","2020","nep.27.7bk","landings",8071
"412","range","2020","sol.27.7fg","catch",1652
"413","range","2020","sol.27.7fg","discards",0
"414","range","2020","sol.27.7fg","Fbar",0.296
"415","range","2020","sol.27.7fg","FmultVsF19",1.25
"416","range","2020","sol.27.7fg","landings",1652
"417","range","2020","sol.27.7fg","ssb",6286
"418","range","2020","whg.27.7b-ce-k","catch",8758
"419","range","2020","whg.27.7b-ce-k","discards",0
"420","range","2020","whg.27.7b-ce-k","Fbar",0.495
"421","range","2020","whg.27.7b-ce-k","FmultVsF19",1.4
"422","range","2020","whg.27.7b-ce-k","landings",8758
"423","range","2020","whg.27.7b-ce-k","ssb",31015
"424","range","2021","cod.27.7e-k","catch",743
"425","range","2021","cod.27.7e-k","discards",0
"426","range","2021","cod.27.7e-k","Fbar",0.207
"427","range","2021","cod.27.7e-k","FmultVsF19",0.18
"428","range","2021","cod.27.7e-k","landings",743
"429","range","2021","cod.27.7e-k","ssb",2942
"430","range","2021","had.27.7b-k","catch",12540
"431","range","2021","had.27.7b-k","discards",0
"432","range","2021","had.27.7b-k","Fbar",0.229
"433","range","2021","had.27.7b-k","FmultVsF19",0.56
"434","range","2021","had.27.7b-k","landings",12540
"435","range","2021","had.27.7b-k","ssb",71281
"436","range","2021","meg.27.7b-k8abd","catch",13093
"437","range","2021","meg.27.7b-k8abd","discards",0
"438","range","2021","meg.27.7b-k8abd","Fbar",0.13
"439","range","2021","meg.27.7b-k8abd","FmultVsF19",0.72
"440","range","2021","meg.27.7b-k8abd","landings",13093
"441","range","2021","meg.27.7b-k8abd","ssb",110436
"442","range","2021","mon.27.78abd","catch",23556
"443","range","2021","mon.27.78abd","discards",0
"444","range","2021","mon.27.78abd","Fbar",0.18
"445","range","2021","mon.27.78abd","FmultVsF19",0.83
"446","range","2021","mon.27.78abd","landings",23556
"447","range","2021","mon.27.78abd","ssb",72213
"448","range","2021","nep.27.7bk","catch",7813
"449","range","2021","nep.27.7bk","discards",697
"450","range","2021","nep.27.7bk","discards.dead",NA
"451","range","2021","nep.27.7bk","discards.surviving",NA
"452","range","2021","nep.27.7bk","Fbar",NA
"453","range","2021","nep.27.7bk","FmultVsF19",NA
"454","range","2021","nep.27.7bk","landings",7117
"455","range","2021","sol.27.7fg","catch",823
"456","range","2021","sol.27.7fg","discards",0
"457","range","2021","sol.27.7fg","Fbar",0.138
"458","range","2021","sol.27.7fg","FmultVsF19",0.57
"459","range","2021","sol.27.7fg","landings",823
"460","range","2021","sol.27.7fg","ssb",6194
"461","range","2021","whg.27.7b-ce-k","catch",4473
"462","range","2021","whg.27.7b-ce-k","discards",0
"463","range","2021","whg.27.7b-ce-k","Fbar",0.222
"464","range","2021","whg.27.7b-ce-k","FmultVsF19",0.63
"465","range","2021","whg.27.7b-ce-k","landings",4473
"466","range","2021","whg.27.7b-ce-k","ssb",32098
"467","range","2022","cod.27.7e-k","ssb",4981
"468","range","2022","had.27.7b-k","ssb",76584
"469","range","2022","meg.27.7b-k8abd","ssb",120816
"470","range","2022","mon.27.78abd","ssb",87532
"471","range","2022","sol.27.7fg","ssb",6610
"472","range","2022","whg.27.7b-ce-k","ssb",38176
"473","sq_E","2020","cod.27.7e-k","discards",0
"474","sq_E","2020","cod.27.7e-k","Fbar",0.477
"475","sq_E","2020","cod.27.7e-k","FmultVsF19",0.540961170687532
"476","sq_E","2020","cod.27.7e-k","landings",1056
"477","sq_E","2020","cod.27.7e-k","ssb",1587
"478","sq_E","2020","had.27.7b-k","discards",0
"479","sq_E","2020","had.27.7b-k","Fbar",0.406
"480","sq_E","2020","had.27.7b-k","FmultVsF19",0.164765661814518
"481","sq_E","2020","had.27.7b-k","landings",20413
"482","sq_E","2020","had.27.7b-k","ssb",66322
"483","sq_E","2020","meg.27.7b-k8abd","discards",0
"484","sq_E","2020","meg.27.7b-k8abd","Fbar",0.212741780334974
"485","sq_E","2020","meg.27.7b-k8abd","FmultVsF19",1.2
"486","sq_E","2020","meg.27.7b-k8abd","landings",20124
"487","sq_E","2020","meg.27.7b-k8abd","ssb",106654
"488","sq_E","2020","mon.27.78abd","discards",0
"489","sq_E","2020","mon.27.78abd","Fbar",0.219383
"490","sq_E","2020","mon.27.78abd","FmultVsF19",1
"491","sq_E","2020","mon.27.78abd","landings",24349
"492","sq_E","2020","mon.27.78abd","ssb",68952
"493","sq_E","2020","nep.27.7bk","Fbar",NA
"494","sq_E","2020","nep.27.7bk","FmultVsF19",NA
"495","sq_E","2020","nep.27.7bk","landings",NA
"496","sq_E","2020","sol.27.7fg","discards",0
"497","sq_E","2020","sol.27.7fg","Fbar",0.296
"498","sq_E","2020","sol.27.7fg","FmultVsF19",0.0715682542647043
"499","sq_E","2020","sol.27.7fg","landings",1652
"500","sq_E","2020","sol.27.7fg","ssb",6286
"501","sq_E","2020","whg.27.7b-ce-k","discards",0
"502","sq_E","2020","whg.27.7b-ce-k","Fbar",0.495
"503","sq_E","2020","whg.27.7b-ce-k","FmultVsF19",0.176088235379835
"504","sq_E","2020","whg.27.7b-ce-k","landings",8787
"505","sq_E","2020","whg.27.7b-ce-k","ssb",30987
"506","sq_E","2021","cod.27.7e-k","discards",0
"507","sq_E","2021","cod.27.7e-k","Fbar",1.143
"508","sq_E","2021","cod.27.7e-k","FmultVsF19",1.29626544674182
"509","sq_E","2021","cod.27.7e-k","landings",2787
"510","sq_E","2021","cod.27.7e-k","ssb",2942
"511","sq_E","2021","had.27.7b-k","discards",0
"512","sq_E","2021","had.27.7b-k","Fbar",0.423
"513","sq_E","2021","had.27.7b-k","FmultVsF19",0.17166471661956
"514","sq_E","2021","had.27.7b-k","landings",21512
"515","sq_E","2021","had.27.7b-k","ssb",71760
"516","sq_E","2021","meg.27.7b-k8abd","discards",0
"517","sq_E","2021","meg.27.7b-k8abd","Fbar",0.214498383480261
"518","sq_E","2021","meg.27.7b-k8abd","FmultVsF19",1.21
"519","sq_E","2021","meg.27.7b-k8abd","landings",21130
"520","sq_E","2021","meg.27.7b-k8abd","ssb",110436
"521","sq_E","2021","mon.27.78abd","discards",0
"522","sq_E","2021","mon.27.78abd","Fbar",0.278997547463729
"523","sq_E","2021","mon.27.78abd","FmultVsF19",1.27
"524","sq_E","2021","mon.27.78abd","landings",34467
"525","sq_E","2021","mon.27.78abd","ssb",72213
"526","sq_E","2021","nep.27.7bk","Fbar",NA
"527","sq_E","2021","nep.27.7bk","FmultVsF19",NA
"528","sq_E","2021","nep.27.7bk","landings",6690.93510982001
"529","sq_E","2021","sol.27.7fg","discards",0
"530","sq_E","2021","sol.27.7fg","Fbar",0.246
"531","sq_E","2021","sol.27.7fg","FmultVsF19",0.0594790221253961
"532","sq_E","2021","sol.27.7fg","landings",1391
"533","sq_E","2021","sol.27.7fg","ssb",6194
"534","sq_E","2021","whg.27.7b-ce-k","discards",0
"535","sq_E","2021","whg.27.7b-ce-k","Fbar",0.559
"536","sq_E","2021","whg.27.7b-ce-k","FmultVsF19",0.198855199146117
"537","sq_E","2021","whg.27.7b-ce-k","landings",9719
"538","sq_E","2021","whg.27.7b-ce-k","ssb",32067
"539","sq_E","2022","cod.27.7e-k","ssb",2082
"540","sq_E","2022","had.27.7b-k","ssb",67224
"541","sq_E","2022","meg.27.7b-k8abd","ssb",112265
"542","sq_E","2022","mon.27.78abd","ssb",80486
"543","sq_E","2022","sol.27.7fg","ssb",6024
"544","sq_E","2022","whg.27.7b-ce-k","ssb",33787
"545","val","2020","cod.27.7e-k","discards",0
"546","val","2020","cod.27.7e-k","Fbar",0.477
"547","val","2020","cod.27.7e-k","FmultVsF19",0.540961170687532
"548","val","2020","cod.27.7e-k","landings",1056
"549","val","2020","cod.27.7e-k","ssb",1587
"550","val","2020","had.27.7b-k","discards",0
"551","val","2020","had.27.7b-k","Fbar",0.406
"552","val","2020","had.27.7b-k","FmultVsF19",0.164765661814518
"553","val","2020","had.27.7b-k","landings",20284
"554","val","2020","had.27.7b-k","ssb",66510
"555","val","2020","meg.27.7b-k8abd","discards",0
"556","val","2020","meg.27.7b-k8abd","Fbar",0.212741780334974
"557","val","2020","meg.27.7b-k8abd","FmultVsF19",1.2
"558","val","2020","meg.27.7b-k8abd","landings",20124
"559","val","2020","meg.27.7b-k8abd","ssb",106654
"560","val","2020","mon.27.78abd","discards",0
"561","val","2020","mon.27.78abd","Fbar",0.219383
"562","val","2020","mon.27.78abd","FmultVsF19",1
"563","val","2020","mon.27.78abd","landings",24349
"564","val","2020","mon.27.78abd","ssb",68952
"565","val","2020","nep.27.7bk","Fbar",NA
"566","val","2020","nep.27.7bk","FmultVsF19",NA
"567","val","2020","nep.27.7bk","landings",NA
"568","val","2020","sol.27.7fg","discards",0
"569","val","2020","sol.27.7fg","Fbar",0.296
"570","val","2020","sol.27.7fg","FmultVsF19",0.0715682542647043
"571","val","2020","sol.27.7fg","landings",1652
"572","val","2020","sol.27.7fg","ssb",6286
"573","val","2020","whg.27.7b-ce-k","discards",0
"574","val","2020","whg.27.7b-ce-k","Fbar",0.495
"575","val","2020","whg.27.7b-ce-k","FmultVsF19",0.176088235379835
"576","val","2020","whg.27.7b-ce-k","landings",8758
"577","val","2020","whg.27.7b-ce-k","ssb",30994
"578","val","2021","cod.27.7e-k","discards",0
"579","val","2021","cod.27.7e-k","Fbar",1.035
"580","val","2021","cod.27.7e-k","FmultVsF19",1.17378367224653
"581","val","2021","cod.27.7e-k","landings",2631
"582","val","2021","cod.27.7e-k","ssb",2942
"583","val","2021","had.27.7b-k","discards",0
"584","val","2021","had.27.7b-k","Fbar",0.384
"585","val","2021","had.27.7b-k","FmultVsF19",0.155837473243288
"586","val","2021","had.27.7b-k","landings",19814
"587","val","2021","had.27.7b-k","ssb",71561
"588","val","2021","meg.27.7b-k8abd","discards",0
"589","val","2021","meg.27.7b-k8abd","Fbar",0.20094812532115
"590","val","2021","meg.27.7b-k8abd","FmultVsF19",1.14
"591","val","2021","meg.27.7b-k8abd","landings",19925
"592","val","2021","meg.27.7b-k8abd","ssb",110436
"593","val","2021","mon.27.78abd","discards",0
"594","val","2021","mon.27.78abd","Fbar",0.263654681572955
"595","val","2021","mon.27.78abd","FmultVsF19",1.2
"596","val","2021","mon.27.78abd","landings",32785
"597","val","2021","mon.27.78abd","ssb",72213
"598","val","2021","nep.27.7bk","Fbar",NA
"599","val","2021","nep.27.7bk","FmultVsF19",NA
"600","val","2021","nep.27.7bk","landings",6773.96686178537
"601","val","2021","sol.27.7fg","discards",0
"602","val","2021","sol.27.7fg","Fbar",0.24
"603","val","2021","sol.27.7fg","FmultVsF19",0.0580283142686791
"604","val","2021","sol.27.7fg","landings",1364
"605","val","2021","sol.27.7fg","ssb",6194
"606","val","2021","whg.27.7b-ce-k","discards",0
"607","val","2021","whg.27.7b-ce-k","Fbar",0.503
"608","val","2021","whg.27.7b-ce-k","FmultVsF19",0.178934105850621
"609","val","2021","whg.27.7b-ce-k","landings",8948
"610","val","2021","whg.27.7b-ce-k","ssb",32054
"611","val","2022","cod.27.7e-k","ssb",2296
"612","val","2022","had.27.7b-k","ssb",68267
"613","val","2022","meg.27.7b-k8abd","ssb",113545
"614","val","2022","mon.27.78abd","ssb",81569
"615","val","2022","sol.27.7fg","ssb",6051
"616","val","2022","whg.27.7b-ce-k","ssb",34448
"617","whg.27.7b-ce-k","2020","cod.27.7e-k","discards",0
"618","whg.27.7b-ce-k","2020","cod.27.7e-k","Fbar",0.477
"619","whg.27.7b-ce-k","2020","cod.27.7e-k","FmultVsF19",0.540961170687532
"620","whg.27.7b-ce-k","2020","cod.27.7e-k","landings",1056
"621","whg.27.7b-ce-k","2020","cod.27.7e-k","ssb",1587
"622","whg.27.7b-ce-k","2020","had.27.7b-k","discards",0
"623","whg.27.7b-ce-k","2020","had.27.7b-k","Fbar",0.406
"624","whg.27.7b-ce-k","2020","had.27.7b-k","FmultVsF19",0.164765661814518
"625","whg.27.7b-ce-k","2020","had.27.7b-k","landings",20201
"626","whg.27.7b-ce-k","2020","had.27.7b-k","ssb",66415
"627","whg.27.7b-ce-k","2020","meg.27.7b-k8abd","discards",0
"628","whg.27.7b-ce-k","2020","meg.27.7b-k8abd","Fbar",0.212741780334974
"629","whg.27.7b-ce-k","2020","meg.27.7b-k8abd","FmultVsF19",1.2
"630","whg.27.7b-ce-k","2020","meg.27.7b-k8abd","landings",20124
"631","whg.27.7b-ce-k","2020","meg.27.7b-k8abd","ssb",106654
"632","whg.27.7b-ce-k","2020","mon.27.78abd","discards",0
"633","whg.27.7b-ce-k","2020","mon.27.78abd","Fbar",0.219383
"634","whg.27.7b-ce-k","2020","mon.27.78abd","FmultVsF19",1
"635","whg.27.7b-ce-k","2020","mon.27.78abd","landings",24349
"636","whg.27.7b-ce-k","2020","mon.27.78abd","ssb",68952
"637","whg.27.7b-ce-k","2020","nep.27.7bk","Fbar",NA
"638","whg.27.7b-ce-k","2020","nep.27.7bk","FmultVsF19",NA
"639","whg.27.7b-ce-k","2020","nep.27.7bk","landings",NA
"640","whg.27.7b-ce-k","2020","sol.27.7fg","discards",0
"641","whg.27.7b-ce-k","2020","sol.27.7fg","Fbar",0.296
"642","whg.27.7b-ce-k","2020","sol.27.7fg","FmultVsF19",0.0715682542647043
"643","whg.27.7b-ce-k","2020","sol.27.7fg","landings",1652
"644","whg.27.7b-ce-k","2020","sol.27.7fg","ssb",6286
"645","whg.27.7b-ce-k","2020","whg.27.7b-ce-k","discards",0
"646","whg.27.7b-ce-k","2020","whg.27.7b-ce-k","Fbar",0.495
"647","whg.27.7b-ce-k","2020","whg.27.7b-ce-k","FmultVsF19",0.176088235379835
"648","whg.27.7b-ce-k","2020","whg.27.7b-ce-k","landings",8756
"649","whg.27.7b-ce-k","2020","whg.27.7b-ce-k","ssb",30989
"650","whg.27.7b-ce-k","2021","cod.27.7e-k","discards",0
"651","whg.27.7b-ce-k","2021","cod.27.7e-k","Fbar",0.537
"652","whg.27.7b-ce-k","2021","cod.27.7e-k","FmultVsF19",0.609006600962693
"653","whg.27.7b-ce-k","2021","cod.27.7e-k","landings",1669
"654","whg.27.7b-ce-k","2021","cod.27.7e-k","ssb",2942
"655","whg.27.7b-ce-k","2021","had.27.7b-k","discards",0
"656","whg.27.7b-ce-k","2021","had.27.7b-k","Fbar",0.194
"657","whg.27.7b-ce-k","2021","had.27.7b-k","FmultVsF19",0.0787303901281196
"658","whg.27.7b-ce-k","2021","had.27.7b-k","landings",10717
"659","whg.27.7b-ce-k","2021","had.27.7b-k","ssb",71411
"660","whg.27.7b-ce-k","2021","meg.27.7b-k8abd","discards",0
"661","whg.27.7b-ce-k","2021","meg.27.7b-k8abd","Fbar",0.0993968129763388
"662","whg.27.7b-ce-k","2021","meg.27.7b-k8abd","FmultVsF19",0.56
"663","whg.27.7b-ce-k","2021","meg.27.7b-k8abd","landings",10355
"664","whg.27.7b-ce-k","2021","meg.27.7b-k8abd","ssb",110436
"665","whg.27.7b-ce-k","2021","mon.27.78abd","discards",0
"666","whg.27.7b-ce-k","2021","mon.27.78abd","Fbar",0.135528915956995
"667","whg.27.7b-ce-k","2021","mon.27.78abd","FmultVsF19",0.62
"668","whg.27.7b-ce-k","2021","mon.27.78abd","landings",17808
"669","whg.27.7b-ce-k","2021","mon.27.78abd","ssb",72213
"670","whg.27.7b-ce-k","2021","nep.27.7bk","Fbar",NA
"671","whg.27.7b-ce-k","2021","nep.27.7bk","FmultVsF19",NA
"672","whg.27.7b-ce-k","2021","nep.27.7bk","landings",4118.27878383967
"673","whg.27.7b-ce-k","2021","sol.27.7fg","discards",0
"674","whg.27.7b-ce-k","2021","sol.27.7fg","Fbar",0.075
"675","whg.27.7b-ce-k","2021","sol.27.7fg","FmultVsF19",0.0181338482089622
"676","whg.27.7b-ce-k","2021","sol.27.7fg","landings",459
"677","whg.27.7b-ce-k","2021","sol.27.7fg","ssb",6194
"678","whg.27.7b-ce-k","2021","whg.27.7b-ce-k","discards",0
"679","whg.27.7b-ce-k","2021","whg.27.7b-ce-k","Fbar",0.268
"680","whg.27.7b-ce-k","2021","whg.27.7b-ce-k","FmultVsF19",0.0953366607713048
"681","whg.27.7b-ce-k","2021","whg.27.7b-ce-k","landings",5253
"682","whg.27.7b-ce-k","2021","whg.27.7b-ce-k","ssb",32064
"683","whg.27.7b-ce-k","2022","cod.27.7e-k","ssb",3642
"684","whg.27.7b-ce-k","2022","had.27.7b-k","ssb",78764
"685","whg.27.7b-ce-k","2022","meg.27.7b-k8abd","ssb",123738
"686","whg.27.7b-ce-k","2022","mon.27.78abd","ssb",91264
"687","whg.27.7b-ce-k","2022","sol.27.7fg","ssb",6987
"688","whg.27.7b-ce-k","2022","whg.27.7b-ce-k","ssb",37490
