Year,Country,Area,CatchCat,lvl4,Age,frequency1000,MeanWeight_in_g,Stock
2019,Belgium,27.7.e,Discards,OTB_CRU,1,0.17306,9.66879224,cod.27.7e-k
2019,Belgium,27.7.e,Discards,SSC_DEF,1,0.41599,12.81223077,cod.27.7e-k
2019,Belgium,27.7.e,Discards,SSC_DEF,2,0.68789,0.722680464,cod.27.7e-k
2019,Belgium,27.7.e,Landings,OTB_CRU,1,0.949513275552956,6.165786472,cod.27.7e-k
2019,Belgium,27.7.e,Landings,OTB_CRU,2,2.36517990748117,5.598577036,cod.27.7e-k
2019,Belgium,27.7.e,Landings,OTB_CRU,3,3.47400762082155,0.488051936,cod.27.7e-k
2019,Belgium,27.7.e,Landings,OTB_CRU,4,7.84797429287759,0.088877833,cod.27.7e-k
2019,Belgium,27.7.e,Landings,OTB_CRU,5,6.54244,0.000320399,cod.27.7e-k
2019,Belgium,27.7.e,Landings,OTB_CRU,6,10.4456722409042,0.03847924,cod.27.7e-k
2019,Belgium,27.7.e,Landings,OTB_CRU,7,16.26970557,0.002993785,cod.27.7e-k
2019,Belgium,27.7.e,Landings,OTB_CRU,8,16.12723,0.00360317,cod.27.7e-k
2019,Belgium,27.7.e,Landings,SSC_DEF,2,1.54198,1.855315013,cod.27.7e-k
2019,Belgium,27.7.e,Landings,SSC_DEF,3,4.425,0.201300316,cod.27.7e-k
2019,Belgium,27.7.e,Landings,SSC_DEF,4,6.6417,0.130917699,cod.27.7e-k
2019,Belgium,27.7.e,Landings,SSC_DEF,5,9.24668,0.004836775,cod.27.7e-k
2019,Belgium,27.7.e,Landings,SSC_DEF,6,10.26081,0.031027274,cod.27.7e-k
2019,Belgium,27.7.e,Landings,SSC_DEF,7,12.95869,0.001217893,cod.27.7e-k
2019,Belgium,27.7.g,Discards,OTB_CRU,1,0.17306,3359.905303,cod.27.7e-k
2019,Belgium,27.7.g,Discards,TBB_DEF,1,0.281,44564.63296,cod.27.7e-k
2019,Belgium,27.7.g,Discards,TBB_DEF,2,0.298,7902.83626,cod.27.7e-k
2019,Belgium,27.7.g,Discards,TBB_DEF,3,0.316,371.18018144,cod.27.7e-k
2019,Belgium,27.7.g,Landings,OTB_CRU,1,0.97556203968319,392.927682692,cod.27.7e-k
2019,Belgium,27.7.g,Landings,OTB_CRU,2,2.12812915823103,1351.1435431,cod.27.7e-k
2019,Belgium,27.7.g,Landings,OTB_CRU,3,4.24453020535975,158.128632352,cod.27.7e-k
2019,Belgium,27.7.g,Landings,OTB_CRU,4,7.57259759158105,260.755420062,cod.27.7e-k
2019,Belgium,27.7.g,Landings,OTB_CRU,5,9.22289902485239,18.617660147,cod.27.7e-k
2019,Belgium,27.7.g,Landings,OTB_CRU,6,10.6909934635261,126.526618533,cod.27.7e-k
2019,Belgium,27.7.g,Landings,OTB_CRU,7,13.3632667911674,5.6353303,cod.27.7e-k
2019,Belgium,27.7.g,Landings,OTB_CRU,8,14.2036454033453,9.911441493,cod.27.7e-k
2019,Belgium,27.7.g,Landings,TBB_DEF,1,0.85,4385.517328,cod.27.7e-k
2019,Belgium,27.7.g,Landings,TBB_DEF,2,1.393,17710.012528,cod.27.7e-k
2019,Belgium,27.7.g,Landings,TBB_DEF,3,3.751,732.752268,cod.27.7e-k
2019,Belgium,27.7.g,Landings,TBB_DEF,4,1.677,206.93004024,cod.27.7e-k
2019,Belgium,27.7.g,Landings,TBB_DEF,5,6.882,193.93443384,cod.27.7e-k
2019,Belgium,27.7.g,Landings,TBB_DEF,6,5.05,166.94355904,cod.27.7e-k
2019,Belgium,27.7.g,Landings,TBB_DEF,8,8.807,239.91888724,cod.27.7e-k
2019,Belgium,27.7.j,Discards,OTB_CRU,1,0.17306,3.076433895,cod.27.7e-k
2019,Belgium,27.7.j,Landings,OTB_CRU,1,1.019323518,0.443175907,cod.27.7e-k
2019,Belgium,27.7.j,Landings,OTB_CRU,2,2.068425553,2.706965331,cod.27.7e-k
2019,Belgium,27.7.j,Landings,OTB_CRU,3,3.786085572,0.147430688,cod.27.7e-k
2019,Belgium,27.7.j,Landings,OTB_CRU,4,5.715146605,0.013756678,cod.27.7e-k
2019,Belgium,27.7.j,Landings,OTB_CRU,5,6.54244,0.000373798,cod.27.7e-k
2019,Belgium,27.7.j,Landings,OTB_CRU,6,14.10611081,0.013131324,cod.27.7e-k
2019,Belgium,27.7.j,Landings,OTB_CRU,7,16.26970557,0.003492749,cod.27.7e-k
2019,Belgium,27.7.j,Landings,OTB_CRU,8,16.12723,0.004203699,cod.27.7e-k
2019,France,27.7.e,Discards,OTB_CRU,1,0.17306,1500.693243489,cod.27.7e-k
2019,France,27.7.e,Discards,OTB_DEF,1,0.389440324755925,2983.9879985,cod.27.7e-k
2019,France,27.7.e,Discards,OTB_DEF,2,0.73007,49.890745108,cod.27.7e-k
2019,France,27.7.e,Landings,MIS_MIS,1,0.876192755578964,151.528149553,cod.27.7e-k
2019,France,27.7.e,Landings,MIS_MIS,2,2.03824196339778,401.55778309,cod.27.7e-k
2019,France,27.7.e,Landings,MIS_MIS,3,3.60369540793596,111.509341999,cod.27.7e-k
2019,France,27.7.e,Landings,MIS_MIS,4,6.61668369349646,38.549207438,cod.27.7e-k
2019,France,27.7.e,Landings,MIS_MIS,5,9.03381420507581,4.967852362,cod.27.7e-k
2019,France,27.7.e,Landings,MIS_MIS,6,10.0267927976319,10.90071588,cod.27.7e-k
2019,France,27.7.e,Landings,MIS_MIS,7,9.952810881,1.764978939,cod.27.7e-k
2019,France,27.7.e,Landings,MIS_MIS,8,12.74327052,0.624988102,cod.27.7e-k
2019,France,27.7.e,Landings,MIS_MIS,9,10.6908119899018,0.478712388,cod.27.7e-k
2019,France,27.7.e,Landings,OTB_CRU,1,0.94493,0.057859214,cod.27.7e-k
2019,France,27.7.e,Landings,OTB_CRU,2,2.21234327018524,131.84782181,cod.27.7e-k
2019,France,27.7.e,Landings,OTB_CRU,3,4.65741791349679,72.107974658,cod.27.7e-k
2019,France,27.7.e,Landings,OTB_CRU,4,7.67086062771415,196.197788664,cod.27.7e-k
2019,France,27.7.e,Landings,OTB_CRU,5,9.225939944,12.99789863,cod.27.7e-k
2019,France,27.7.e,Landings,OTB_CRU,6,10.6098996503106,95.752077618,cod.27.7e-k
2019,France,27.7.e,Landings,OTB_CRU,7,12.59414654,3.678410014,cod.27.7e-k
2019,France,27.7.e,Landings,OTB_CRU,8,13.84576045,7.212721811,cod.27.7e-k
2019,France,27.7.e,Landings,OTB_DEF,1,0.855975216885802,8699.556835255,cod.27.7e-k
2019,France,27.7.e,Landings,OTB_DEF,2,1.81989110553684,6158.6314369,cod.27.7e-k
2019,France,27.7.e,Landings,OTB_DEF,3,4.30631891523951,1942.445881169,cod.27.7e-k
2019,France,27.7.e,Landings,OTB_DEF,4,7.80102944839977,1534.568264027,cod.27.7e-k
2019,France,27.7.e,Landings,OTB_DEF,5,10.6750317729937,394.196514964,cod.27.7e-k
2019,France,27.7.e,Landings,OTB_DEF,6,11.4768965993114,934.991941642,cod.27.7e-k
2019,France,27.7.e,Landings,OTB_DEF,7,11.7073418424961,179.095199989,cod.27.7e-k
2019,France,27.7.e,Landings,OTB_DEF,8,12.83036,8.532967243,cod.27.7e-k
2019,France,27.7.e,Landings,OTB_DEF,9,11.44618,1.446490559,cod.27.7e-k
2019,France,27.7.f,Discards,OTB_CRU,1,0.17306,136.0882508,cod.27.7e-k
2019,France,27.7.f,Discards,OTB_DEF,1,0.38935603612052,30.367627628,cod.27.7e-k
2019,France,27.7.f,Discards,OTB_DEF,2,0.73007,0.504147694,cod.27.7e-k
2019,France,27.7.f,Landings,MIS_MIS,1,1.103933916,0.018659052,cod.27.7e-k
2019,France,27.7.f,Landings,MIS_MIS,2,1.934911446,88.069540749,cod.27.7e-k
2019,France,27.7.f,Landings,MIS_MIS,3,3.447095269,26.736622874,cod.27.7e-k
2019,France,27.7.f,Landings,MIS_MIS,4,6.503908073,8.875861167,cod.27.7e-k
2019,France,27.7.f,Landings,MIS_MIS,5,9.015833056,0.662432541,cod.27.7e-k
2019,France,27.7.f,Landings,MIS_MIS,6,9.934938671,2.507983602,cod.27.7e-k
2019,France,27.7.f,Landings,MIS_MIS,7,9.952810881,0.459632872,cod.27.7e-k
2019,France,27.7.f,Landings,MIS_MIS,8,12.74327052,0.16275836,cod.27.7e-k
2019,France,27.7.f,Landings,MIS_MIS,9,10.45113131,0.044340708,cod.27.7e-k
2019,France,27.7.f,Landings,OTB_CRU,2,2.212253023,11.95402105,cod.27.7e-k
2019,France,27.7.f,Landings,OTB_CRU,3,4.657482744,6.538988421,cod.27.7e-k
2019,France,27.7.f,Landings,OTB_CRU,4,7.67085865,17.79268364,cod.27.7e-k
2019,France,27.7.f,Landings,OTB_CRU,5,9.225939944,1.178751343,cod.27.7e-k
2019,France,27.7.f,Landings,OTB_CRU,6,10.60990442,8.683524345,cod.27.7e-k
2019,France,27.7.f,Landings,OTB_CRU,7,12.59414654,0.333587056,cod.27.7e-k
2019,France,27.7.f,Landings,OTB_CRU,8,13.84576045,0.654106157,cod.27.7e-k
2019,France,27.7.f,Landings,OTB_DEF,1,0.887019762226612,1.32701486,cod.27.7e-k
2019,France,27.7.f,Landings,OTB_DEF,2,1.48918405954867,270.961797654,cod.27.7e-k
2019,France,27.7.f,Landings,OTB_DEF,3,3.83097750213763,90.614095311,cod.27.7e-k
2019,France,27.7.f,Landings,OTB_DEF,4,7.54744162282881,67.460281024,cod.27.7e-k
2019,France,27.7.f,Landings,OTB_DEF,5,10.2795676569273,10.161246482,cod.27.7e-k
2019,France,27.7.f,Landings,OTB_DEF,6,11.3502770057161,47.209442158,cod.27.7e-k
2019,France,27.7.f,Landings,OTB_DEF,7,11.4647859394151,8.642080357,cod.27.7e-k
2019,France,27.7.f,Landings,OTB_DEF,8,12.83036,0.472879695,cod.27.7e-k
2019,France,27.7.f,Landings,OTB_DEF,9,11.44618,0.080161566,cod.27.7e-k
2019,France,27.7.g,Discards,OTB_CRU,1,0.17306,6817.9752179,cod.27.7e-k
2019,France,27.7.g,Discards,OTB_DEF,1,0.444507270071021,127913.7001641,cod.27.7e-k
2019,France,27.7.g,Discards,OTB_DEF,2,0.734616283035079,3543.404496219,cod.27.7e-k
2019,France,27.7.g,Discards,SSC_DEF,1,0.41599,298.01248098,cod.27.7e-k
2019,France,27.7.g,Discards,SSC_DEF,2,0.68789,16.809551708,cod.27.7e-k
2019,France,27.7.g,Landings,MIS_MIS,1,0.935742396301107,15.63037554,cod.27.7e-k
2019,France,27.7.g,Landings,MIS_MIS,2,2.20670127773286,1987.249410131,cod.27.7e-k
2019,France,27.7.g,Landings,MIS_MIS,3,4.43197823791294,460.525751782,cod.27.7e-k
2019,France,27.7.g,Landings,MIS_MIS,4,6.73463088247684,279.531151748,cod.27.7e-k
2019,France,27.7.g,Landings,MIS_MIS,5,9.14801807752159,11.161687424,cod.27.7e-k
2019,France,27.7.g,Landings,MIS_MIS,6,9.65440840993302,56.43303029,cod.27.7e-k
2019,France,27.7.g,Landings,MIS_MIS,7,10.3586793021543,3.767519652,cod.27.7e-k
2019,France,27.7.g,Landings,MIS_MIS,8,11.0223517601782,3.629803696,cod.27.7e-k
2019,France,27.7.g,Landings,MIS_MIS,9,10.45113131,0.029528298,cod.27.7e-k
2019,France,27.7.g,Landings,OTB_CRU,1,0.946548568412681,96.16935613,cod.27.7e-k
2019,France,27.7.g,Landings,OTB_CRU,2,1.99051690885747,2359.71523205,cod.27.7e-k
2019,France,27.7.g,Landings,OTB_CRU,3,4.65572544526068,211.06005884,cod.27.7e-k
2019,France,27.7.g,Landings,OTB_CRU,4,7.04763405319743,788.929010119,cod.27.7e-k
2019,France,27.7.g,Landings,OTB_CRU,5,9.31230823800562,101.627196338,cod.27.7e-k
2019,France,27.7.g,Landings,OTB_CRU,6,10.1795436812923,309.440227202,cod.27.7e-k
2019,France,27.7.g,Landings,OTB_CRU,7,10.1691099318049,4.098040491,cod.27.7e-k
2019,France,27.7.g,Landings,OTB_CRU,8,14.2776870946625,3.119539576,cod.27.7e-k
2019,France,27.7.g,Landings,OTB_DEF,1,0.761523214084665,25947.175072416,cod.27.7e-k
2019,France,27.7.g,Landings,OTB_DEF,2,1.89751271982576,47532.005021862,cod.27.7e-k
2019,France,27.7.g,Landings,OTB_DEF,3,4.19200336991853,5291.934973239,cod.27.7e-k
2019,France,27.7.g,Landings,OTB_DEF,4,7.56715957942786,3265.492296024,cod.27.7e-k
2019,France,27.7.g,Landings,OTB_DEF,5,10.147945573425,386.25439585,cod.27.7e-k
2019,France,27.7.g,Landings,OTB_DEF,6,11.215325042126,1940.123028178,cod.27.7e-k
2019,France,27.7.g,Landings,OTB_DEF,7,12.2530737518335,437.878739764,cod.27.7e-k
2019,France,27.7.g,Landings,OTB_DEF,8,12.83036,3.846110254,cod.27.7e-k
2019,France,27.7.g,Landings,OTB_DEF,9,11.44618,0.651984475,cod.27.7e-k
2019,France,27.7.g,Landings,SSC_DEF,1,0.8428433528,0.355317784,cod.27.7e-k
2019,France,27.7.g,Landings,SSC_DEF,2,1.62284960382308,43.06002679,cod.27.7e-k
2019,France,27.7.g,Landings,SSC_DEF,3,4.40777557744205,4.327941306,cod.27.7e-k
2019,France,27.7.g,Landings,SSC_DEF,4,6.62965162943446,2.827155741,cod.27.7e-k
2019,France,27.7.g,Landings,SSC_DEF,5,9.0207709835834,0.109179389,cod.27.7e-k
2019,France,27.7.g,Landings,SSC_DEF,6,10.2750890574722,0.673847289,cod.27.7e-k
2019,France,27.7.g,Landings,SSC_DEF,7,12.5057063813811,0.031361726,cod.27.7e-k
2019,France,27.7.h,Discards,OTB_CRU,1,0.17306,13.40885688,cod.27.7e-k
2019,France,27.7.h,Discards,OTB_DEF,1,0.486434634666341,20749.147521,cod.27.7e-k
2019,France,27.7.h,Discards,OTB_DEF,2,0.755961610927286,216.62619237,cod.27.7e-k
2019,France,27.7.h,Landings,MIS_MIS,1,0.87656236808776,1395.401528167,cod.27.7e-k
2019,France,27.7.h,Landings,MIS_MIS,2,2.59307556258398,674.209023391,cod.27.7e-k
2019,France,27.7.h,Landings,MIS_MIS,3,5.21001269377479,121.759342304,cod.27.7e-k
2019,France,27.7.h,Landings,MIS_MIS,4,7.39446801790901,78.069577182,cod.27.7e-k
2019,France,27.7.h,Landings,MIS_MIS,5,9.06862339406703,23.77939448,cod.27.7e-k
2019,France,27.7.h,Landings,MIS_MIS,6,10.321882577314,18.092397103,cod.27.7e-k
2019,France,27.7.h,Landings,MIS_MIS,7,9.111106566,0.636916968,cod.27.7e-k
2019,France,27.7.h,Landings,MIS_MIS,8,11.07603,0.522785654,cod.27.7e-k
2019,France,27.7.h,Landings,MIS_MIS,9,10.82312,2.838414367,cod.27.7e-k
2019,France,27.7.h,Landings,OTB_CRU,1,1.019323518,1.931613848,cod.27.7e-k
2019,France,27.7.h,Landings,OTB_CRU,2,2.068425553,11.79850175,cod.27.7e-k
2019,France,27.7.h,Landings,OTB_CRU,3,3.786085572,0.642587186,cod.27.7e-k
2019,France,27.7.h,Landings,OTB_CRU,4,5.715146605,0.059959463,cod.27.7e-k
2019,France,27.7.h,Landings,OTB_CRU,5,6.54244,0.001629226,cod.27.7e-k
2019,France,27.7.h,Landings,OTB_CRU,6,14.10611081,0.057233813,cod.27.7e-k
2019,France,27.7.h,Landings,OTB_CRU,7,16.26970557,0.015223397,cod.27.7e-k
2019,France,27.7.h,Landings,OTB_CRU,8,16.12723,0.018322121,cod.27.7e-k
2019,France,27.7.h,Landings,OTB_DEF,1,0.837321579436213,32911.2404676,cod.27.7e-k
2019,France,27.7.h,Landings,OTB_DEF,2,2.67904494972632,8541.95312142,cod.27.7e-k
2019,France,27.7.h,Landings,OTB_DEF,3,5.97450139314613,1589.243611958,cod.27.7e-k
2019,France,27.7.h,Landings,OTB_DEF,4,8.5075292266785,1443.810446266,cod.27.7e-k
2019,France,27.7.h,Landings,OTB_DEF,5,10.9127781347878,717.112869587,cod.27.7e-k
2019,France,27.7.h,Landings,OTB_DEF,6,11.9130381859839,464.589331421,cod.27.7e-k
2019,France,27.7.h,Landings,OTB_DEF,7,12.7247451247056,146.181357422,cod.27.7e-k
2019,France,27.7.h,Landings,OTB_DEF,8,12.83036,0.146874289,cod.27.7e-k
2019,France,27.7.h,Landings,OTB_DEF,9,11.44618,0.024897819,cod.27.7e-k
2019,Ireland,27.7.g,Discards,OTB_CRU,1,0.17306,55061.13487227,cod.27.7e-k
2019,Ireland,27.7.g,Discards,OTB_DEF,1,0.37757,96417.22064246,cod.27.7e-k
2019,Ireland,27.7.g,Discards,SSC_DEF,1,0.41599,164309.15048,cod.27.7e-k
2019,Ireland,27.7.g,Discards,SSC_DEF,2,0.68789,9267.959257,cod.27.7e-k
2019,Ireland,27.7.g,Discards,TBB_DEF,1,0.32264,16590.720307,cod.27.7e-k
2019,Ireland,27.7.g,Landings,MIS_MIS,1,0.873780700906297,3293.016501899,cod.27.7e-k
2019,Ireland,27.7.g,Landings,MIS_MIS,2,2.26791517474543,6133.87233236,cod.27.7e-k
2019,Ireland,27.7.g,Landings,MIS_MIS,3,4.13011531301588,1285.195126203,cod.27.7e-k
2019,Ireland,27.7.g,Landings,MIS_MIS,4,6.75575730390088,695.843094461,cod.27.7e-k
2019,Ireland,27.7.g,Landings,MIS_MIS,5,9.05436242609151,53.873071397,cod.27.7e-k
2019,Ireland,27.7.g,Landings,MIS_MIS,6,9.41812069934355,83.928152123,cod.27.7e-k
2019,Ireland,27.7.g,Landings,MIS_MIS,7,7.64574631122393,13.165007768,cod.27.7e-k
2019,Ireland,27.7.g,Landings,MIS_MIS,8,11.59194015,0.440438619,cod.27.7e-k
2019,Ireland,27.7.g,Landings,MIS_MIS,9,10.8208374593259,6.70732052,cod.27.7e-k
2019,Ireland,27.7.g,Landings,OTB_CRU,1,0.954355106649938,2567.708055279,cod.27.7e-k
2019,Ireland,27.7.g,Landings,OTB_CRU,2,2.03233275297854,18966.32312821,cod.27.7e-k
2019,Ireland,27.7.g,Landings,OTB_CRU,3,4.53819776627541,1873.52879059,cod.27.7e-k
2019,Ireland,27.7.g,Landings,OTB_CRU,4,7.12544639311051,5996.043056837,cod.27.7e-k
2019,Ireland,27.7.g,Landings,OTB_CRU,5,9.30552147865189,722.935598879,cod.27.7e-k
2019,Ireland,27.7.g,Landings,OTB_CRU,6,10.2537814321091,2426.384334071,cod.27.7e-k
2019,Ireland,27.7.g,Landings,OTB_CRU,7,11.2808203332995,43.337223349,cod.27.7e-k
2019,Ireland,27.7.g,Landings,OTB_CRU,8,14.1562403249297,50.500743784,cod.27.7e-k
2019,Ireland,27.7.g,Landings,OTB_DEF,1,0.92640081834825,41199.62627858,cod.27.7e-k
2019,Ireland,27.7.g,Landings,OTB_DEF,2,2.1229072367933,38215.77940697,cod.27.7e-k
2019,Ireland,27.7.g,Landings,OTB_DEF,3,3.98410679855666,5591.768430072,cod.27.7e-k
2019,Ireland,27.7.g,Landings,OTB_DEF,4,7.25047918806733,5159.429945993,cod.27.7e-k
2019,Ireland,27.7.g,Landings,OTB_DEF,5,9.70849274691671,490.743950977,cod.27.7e-k
2019,Ireland,27.7.g,Landings,OTB_DEF,6,10.5455733758397,2486.00557104,cod.27.7e-k
2019,Ireland,27.7.g,Landings,OTB_DEF,7,11.8844382571442,75.621009583,cod.27.7e-k
2019,Ireland,27.7.g,Landings,OTB_DEF,8,13.0974733308059,72.921263912,cod.27.7e-k
2019,Ireland,27.7.g,Landings,SSC_DEF,1,0.643160283281202,29567.3456901,cod.27.7e-k
2019,Ireland,27.7.g,Landings,SSC_DEF,2,1.94033810468086,16388.20653,cod.27.7e-k
2019,Ireland,27.7.g,Landings,SSC_DEF,3,4.20991299419995,1686.9978812,cod.27.7e-k
2019,Ireland,27.7.g,Landings,SSC_DEF,4,6.08773635200698,779.7763256,cod.27.7e-k
2019,Ireland,27.7.g,Landings,SSC_DEF,5,8.39312379035135,13.696462656,cod.27.7e-k
2019,Ireland,27.7.g,Landings,SSC_DEF,6,10.0896562521302,129.975157468,cod.27.7e-k
2019,Ireland,27.7.g,Landings,SSC_DEF,7,11.023669271198,2.834648279,cod.27.7e-k
2019,Ireland,27.7.g,Landings,TBB_DEF,1,0.855005379891662,17537.388045,cod.27.7e-k
2019,Ireland,27.7.g,Landings,TBB_DEF,2,1.86813014479507,17444.788692,cod.27.7e-k
2019,Ireland,27.7.g,Landings,TBB_DEF,3,4.1465169924208,2201.9045005,cod.27.7e-k
2019,Ireland,27.7.g,Landings,TBB_DEF,4,7.04206138537835,1369.2394753,cod.27.7e-k
2019,Ireland,27.7.g,Landings,TBB_DEF,5,10.2090034529902,41.820040299,cod.27.7e-k
2019,Ireland,27.7.g,Landings,TBB_DEF,6,9.61126281264618,422.67718217,cod.27.7e-k
2019,Ireland,27.7.g,Landings,TBB_DEF,7,7.49280942241718,14.200009116,cod.27.7e-k
2019,Ireland,27.7.j,Discards,OTB_DEF,1,0.4366,47106.6144342,cod.27.7e-k
2019,Ireland,27.7.j,Discards,OTB_DEF,2,0.73007,3916.84652206,cod.27.7e-k
2019,Ireland,27.7.j,Discards,SSC_DEF,1,0.41599,47466.745558,cod.27.7e-k
2019,Ireland,27.7.j,Discards,SSC_DEF,2,0.68789,2677.3881222,cod.27.7e-k
2019,Ireland,27.7.j,Discards,TBB_DEF,1,0.32264,9.825192165,cod.27.7e-k
2019,Ireland,27.7.j,Landings,MIS_MIS,1,0.883739437922343,80.326907524,cod.27.7e-k
2019,Ireland,27.7.j,Landings,MIS_MIS,2,2.11602218039482,1498.262187906,cod.27.7e-k
2019,Ireland,27.7.j,Landings,MIS_MIS,3,4.20211431739789,351.471185687,cod.27.7e-k
2019,Ireland,27.7.j,Landings,MIS_MIS,4,6.77891301117753,136.609638415,cod.27.7e-k
2019,Ireland,27.7.j,Landings,MIS_MIS,5,9.091377819887,5.75854873,cod.27.7e-k
2019,Ireland,27.7.j,Landings,MIS_MIS,6,9.26410960548525,47.723305079,cod.27.7e-k
2019,Ireland,27.7.j,Landings,MIS_MIS,7,9.78186195440164,2.770910767,cod.27.7e-k
2019,Ireland,27.7.j,Landings,MIS_MIS,8,12.1126308998146,1.250486578,cod.27.7e-k
2019,Ireland,27.7.j,Landings,MIS_MIS,9,10.6113516249151,0.372294247,cod.27.7e-k
2019,Ireland,27.7.j,Landings,OTB_CRU,1,0.950592634699398,66.540282483,cod.27.7e-k
2019,Ireland,27.7.j,Landings,OTB_CRU,2,2.33682589733863,65.76890767,cod.27.7e-k
2019,Ireland,27.7.j,Landings,OTB_CRU,3,3.49332969952708,5.527801633,cod.27.7e-k
2019,Ireland,27.7.j,Landings,OTB_CRU,4,7.77820597489639,0.976262123,cod.27.7e-k
2019,Ireland,27.7.j,Landings,OTB_CRU,5,6.54244,0.00427198,cod.27.7e-k
2019,Ireland,27.7.j,Landings,OTB_CRU,6,10.6996588245928,0.439325358,cod.27.7e-k
2019,Ireland,27.7.j,Landings,OTB_CRU,7,16.26970557,0.039917134,cod.27.7e-k
2019,Ireland,27.7.j,Landings,OTB_CRU,8,16.12723,0.04804227,cod.27.7e-k
2019,Ireland,27.7.j,Landings,OTB_DEF,1,0.825219063041992,8870.641749164,cod.27.7e-k
2019,Ireland,27.7.j,Landings,OTB_DEF,2,2.03016078283164,5624.796920611,cod.27.7e-k
2019,Ireland,27.7.j,Landings,OTB_DEF,3,4.43826225201284,803.383380353,cod.27.7e-k
2019,Ireland,27.7.j,Landings,OTB_DEF,4,7.02648760784006,727.335820995,cod.27.7e-k
2019,Ireland,27.7.j,Landings,OTB_DEF,5,7.98703763680211,23.994467961,cod.27.7e-k
2019,Ireland,27.7.j,Landings,OTB_DEF,6,9.56776760604667,167.11001813,cod.27.7e-k
2019,Ireland,27.7.j,Landings,OTB_DEF,7,8.19288294148464,7.659560826,cod.27.7e-k
2019,Ireland,27.7.j,Landings,OTB_DEF,8,12.83036,0.54327326,cod.27.7e-k
2019,Ireland,27.7.j,Landings,OTB_DEF,9,11.44618,0.092094534,cod.27.7e-k
2019,Ireland,27.7.j,Landings,SSC_DEF,1,0.710618508264803,5037.44286914,cod.27.7e-k
2019,Ireland,27.7.j,Landings,SSC_DEF,2,1.93037680158114,4056.9431577,cod.27.7e-k
2019,Ireland,27.7.j,Landings,SSC_DEF,3,4.33640030791224,558.38661222,cod.27.7e-k
2019,Ireland,27.7.j,Landings,SSC_DEF,4,6.86864608728135,459.98801452,cod.27.7e-k
2019,Ireland,27.7.j,Landings,SSC_DEF,5,9.07250945670553,28.230549849,cod.27.7e-k
2019,Ireland,27.7.j,Landings,SSC_DEF,6,10.7044419456417,103.892686371,cod.27.7e-k
2019,Ireland,27.7.j,Landings,SSC_DEF,7,12.2092836861532,12.239998335,cod.27.7e-k
2019,Ireland,27.7.j,Landings,SSC_DEF,8,12.12752,1.18007466,cod.27.7e-k
2019,Ireland,27.7.j,Landings,TBB_DEF,1,0.8862969929,20.38159987,cod.27.7e-k
2019,Ireland,27.7.j,Landings,TBB_DEF,2,1.871647259,8.411311415,cod.27.7e-k
2019,Ireland,27.7.j,Landings,TBB_DEF,3,4.064444202,1.224169479,cod.27.7e-k
2019,Ireland,27.7.j,Landings,TBB_DEF,4,4.589017892,0.287077674,cod.27.7e-k
2019,Ireland,27.7.j,Landings,TBB_DEF,5,7.279104539,0.07440528,cod.27.7e-k
2019,Ireland,27.7.j,Landings,TBB_DEF,6,7.385572711,0.090304657,cod.27.7e-k
2019,Ireland,27.7.j,Landings,TBB_DEF,8,8.807,0.076035988,cod.27.7e-k
2019,Ireland,27.7.j,Landings,TBB_DEF,9,12.29721,0.001761691,cod.27.7e-k
2019,UK (Channel Island Guernsey),27.7.e,Discards,MIS_MIS,1,0.3772088474,309.71997656,cod.27.7e-k
2019,UK (Channel Island Guernsey),27.7.e,Discards,MIS_MIS,2,0.5958161023,14.521093132,cod.27.7e-k
2019,UK (Channel Island Guernsey),27.7.e,Discards,MIS_MIS,3,0.3212302115,0.210553602,cod.27.7e-k
2019,UK (Channel Island Guernsey),27.7.e,Landings,MIS_MIS,1,0.877608020306443,39.262879343,cod.27.7e-k
2019,UK (Channel Island Guernsey),27.7.e,Landings,MIS_MIS,2,2.22628881288963,84.81450251,cod.27.7e-k
2019,UK (Channel Island Guernsey),27.7.e,Landings,MIS_MIS,3,4.2232329658972,21.148490737,cod.27.7e-k
2019,UK (Channel Island Guernsey),27.7.e,Landings,MIS_MIS,4,6.872442156556,11.266717585,cod.27.7e-k
2019,UK (Channel Island Guernsey),27.7.e,Landings,MIS_MIS,5,9.08545207697949,1.113888584,cod.27.7e-k
2019,UK (Channel Island Guernsey),27.7.e,Landings,MIS_MIS,6,9.86324248276651,2.508905097,cod.27.7e-k
2019,UK (Channel Island Guernsey),27.7.e,Landings,MIS_MIS,7,9.93711338223658,0.242135282,cod.27.7e-k
2019,UK (Channel Island Guernsey),27.7.e,Landings,MIS_MIS,8,11.5765570690359,0.147625048,cod.27.7e-k
2019,UK (Channel Island Guernsey),27.7.e,Landings,MIS_MIS,9,10.7698020438048,0.092378644,cod.27.7e-k
2019,UK (Channel Island Jersey),27.7.e,Discards,MIS_MIS,1,0.3772088474,139.73412896,cod.27.7e-k
2019,UK (Channel Island Jersey),27.7.e,Discards,MIS_MIS,2,0.5958161023,6.5513769,cod.27.7e-k
2019,UK (Channel Island Jersey),27.7.e,Discards,MIS_MIS,3,0.3212302115,0.09499395,cod.27.7e-k
2019,UK (Channel Island Jersey),27.7.e,Landings,MIS_MIS,1,0.877577791947392,17.613251994,cod.27.7e-k
2019,UK (Channel Island Jersey),27.7.e,Landings,MIS_MIS,2,2.22349040358726,38.3939315,cod.27.7e-k
2019,UK (Channel Island Jersey),27.7.e,Landings,MIS_MIS,3,4.21604418704506,9.566287093,cod.27.7e-k
2019,UK (Channel Island Jersey),27.7.e,Landings,MIS_MIS,4,6.86695955388736,5.070344132,cod.27.7e-k
2019,UK (Channel Island Jersey),27.7.e,Landings,MIS_MIS,5,9.08470764881626,0.501175808,cod.27.7e-k
2019,UK (Channel Island Jersey),27.7.e,Landings,MIS_MIS,6,9.86414121611059,1.131705126,cod.27.7e-k
2019,UK (Channel Island Jersey),27.7.e,Landings,MIS_MIS,7,9.94327063192975,0.109633487,cod.27.7e-k
2019,UK (Channel Island Jersey),27.7.e,Landings,MIS_MIS,8,11.5851503611411,0.066522403,cod.27.7e-k
2019,UK (Channel Island Jersey),27.7.e,Landings,MIS_MIS,9,10.7688532934676,0.041564633,cod.27.7e-k
2019,UK (England),27.7.e,Discards,OTB_CRU,1,0.17306,61.968168447,cod.27.7e-k
2019,UK (England),27.7.e,Discards,OTB_DEF,1,0.39735981980491,22390.82459587,cod.27.7e-k
2019,UK (England),27.7.e,Discards,OTB_DEF,2,0.730384186047673,535.248621198,cod.27.7e-k
2019,UK (England),27.7.e,Discards,TBB_DEF,1,0.291477794935604,17649.82178626,cod.27.7e-k
2019,UK (England),27.7.e,Discards,TBB_DEF,2,0.393756874371897,1747.125799527,cod.27.7e-k
2019,UK (England),27.7.e,Discards,TBB_DEF,3,0.319718292173902,67.945724749,cod.27.7e-k
2019,UK (England),27.7.e,Landings,MIS_MIS,1,0.80225295555198,1484.589937709,cod.27.7e-k
2019,UK (England),27.7.e,Landings,MIS_MIS,2,2.05705841690682,1794.786670212,cod.27.7e-k
2019,UK (England),27.7.e,Landings,MIS_MIS,3,3.81359449103912,472.896803379,cod.27.7e-k
2019,UK (England),27.7.e,Landings,MIS_MIS,4,6.36083737429976,184.560863812,cod.27.7e-k
2019,UK (England),27.7.e,Landings,MIS_MIS,5,8.35130421970619,10.224161776,cod.27.7e-k
2019,UK (England),27.7.e,Landings,MIS_MIS,6,8.95348583791673,33.351078994,cod.27.7e-k
2019,UK (England),27.7.e,Landings,MIS_MIS,7,9.58998381937914,2.042941875,cod.27.7e-k
2019,UK (England),27.7.e,Landings,MIS_MIS,8,11.007512862781,1.102912584,cod.27.7e-k
2019,UK (England),27.7.e,Landings,MIS_MIS,9,8.99781074852889,0.319902337,cod.27.7e-k
2019,UK (England),27.7.e,Landings,OTB_CRU,1,0.93879618127308,5.309360961,cod.27.7e-k
2019,UK (England),27.7.e,Landings,OTB_CRU,2,2.08138346640593,18.091272436,cod.27.7e-k
2019,UK (England),27.7.e,Landings,OTB_CRU,3,4.52710528098996,2.150900623,cod.27.7e-k
2019,UK (England),27.7.e,Landings,OTB_CRU,4,7.16979556334032,7.016451224,cod.27.7e-k
2019,UK (England),27.7.e,Landings,OTB_CRU,5,9.30506287249634,0.820035056,cod.27.7e-k
2019,UK (England),27.7.e,Landings,OTB_CRU,6,10.2405951220057,2.858717397,cod.27.7e-k
2019,UK (England),27.7.e,Landings,OTB_CRU,7,10.8572052196053,0.049180402,cod.27.7e-k
2019,UK (England),27.7.e,Landings,OTB_CRU,8,13.84576045,0.063372145,cod.27.7e-k
2019,UK (England),27.7.e,Landings,OTB_DEF,1,0.797597584379664,2128.7771416,cod.27.7e-k
2019,UK (England),27.7.e,Landings,OTB_DEF,2,1.93398322169221,1868.44839417,cod.27.7e-k
2019,UK (England),27.7.e,Landings,OTB_DEF,3,4.04661001428266,280.955869436,cod.27.7e-k
2019,UK (England),27.7.e,Landings,OTB_DEF,4,7.30269748189573,256.061682961,cod.27.7e-k
2019,UK (England),27.7.e,Landings,OTB_DEF,5,10.0433050557543,42.176215152,cod.27.7e-k
2019,UK (England),27.7.e,Landings,OTB_DEF,6,10.9874759707158,185.882066599,cod.27.7e-k
2019,UK (England),27.7.e,Landings,OTB_DEF,7,12.1330678763557,29.344839765,cod.27.7e-k
2019,UK (England),27.7.e,Landings,OTB_DEF,8,12.8558082918933,14.290527843,cod.27.7e-k
2019,UK (England),27.7.e,Landings,OTB_DEF,9,11.44618,2.180837066,cod.27.7e-k
2019,UK (England),27.7.e,Landings,TBB_DEF,1,0.850913114513274,2456.272428929,cod.27.7e-k
2019,UK (England),27.7.e,Landings,TBB_DEF,2,1.80003601480112,1083.323111607,cod.27.7e-k
2019,UK (England),27.7.e,Landings,TBB_DEF,3,3.88454497790207,172.624011418,cod.27.7e-k
2019,UK (England),27.7.e,Landings,TBB_DEF,4,6.8786898448983,75.344059525,cod.27.7e-k
2019,UK (England),27.7.e,Landings,TBB_DEF,5,10.326894569312,16.868483054,cod.27.7e-k
2019,UK (England),27.7.e,Landings,TBB_DEF,6,11.0412024220333,80.69182922,cod.27.7e-k
2019,UK (England),27.7.e,Landings,TBB_DEF,7,12.1152619688406,11.207881074,cod.27.7e-k
2019,UK (England),27.7.e,Landings,TBB_DEF,8,13.0872010654413,9.314743057,cod.27.7e-k
2019,UK (England),27.7.e,Landings,TBB_DEF,9,11.8966528410384,2.71056158,cod.27.7e-k
2019,UK (England),27.7.f,Discards,OTB_CRU,1,0.17306,59.33122511,cod.27.7e-k
2019,UK (England),27.7.f,Discards,OTB_DEF,1,0.397514748362154,4018.80222896,cod.27.7e-k
2019,UK (England),27.7.f,Discards,OTB_DEF,2,0.73021897228335,104.661767845,cod.27.7e-k
2019,UK (England),27.7.f,Discards,TBB_DEF,1,0.297902858623614,31136.994013,cod.27.7e-k
2019,UK (England),27.7.f,Discards,TBB_DEF,2,0.725389931518342,2249.5091196,cod.27.7e-k
2019,UK (England),27.7.f,Discards,TBB_DEF,3,0.359453084538383,44.802129226,cod.27.7e-k
2019,UK (England),27.7.f,Landings,MIS_MIS,1,1.17183231214952,275.931539902,cod.27.7e-k
2019,UK (England),27.7.f,Landings,MIS_MIS,2,2.04791689495056,995.005060623,cod.27.7e-k
2019,UK (England),27.7.f,Landings,MIS_MIS,3,4.17581171127538,280.067340298,cod.27.7e-k
2019,UK (England),27.7.f,Landings,MIS_MIS,4,6.79057422428652,149.116947778,cod.27.7e-k
2019,UK (England),27.7.f,Landings,MIS_MIS,5,9.11631805852787,8.675626457,cod.27.7e-k
2019,UK (England),27.7.f,Landings,MIS_MIS,6,9.95077654102493,32.381627322,cod.27.7e-k
2019,UK (England),27.7.f,Landings,MIS_MIS,7,10.0591688101704,2.482919269,cod.27.7e-k
2019,UK (England),27.7.f,Landings,MIS_MIS,8,10.9999894495864,2.171231175,cod.27.7e-k
2019,UK (England),27.7.f,Landings,MIS_MIS,9,10.5829874297387,0.254835241,cod.27.7e-k
2019,UK (England),27.7.f,Landings,OTB_CRU,1,0.81291,0.343317148,cod.27.7e-k
2019,UK (England),27.7.f,Landings,OTB_CRU,2,1.969889091,19.57443383,cod.27.7e-k
2019,UK (England),27.7.f,Landings,OTB_CRU,3,4.764581475,1.671366245,cod.27.7e-k
2019,UK (England),27.7.f,Landings,OTB_CRU,4,6.991525971,7.272160197,cod.27.7e-k
2019,UK (England),27.7.f,Landings,OTB_CRU,5,9.317864716,0.982345465,cod.27.7e-k
2019,UK (England),27.7.f,Landings,OTB_CRU,6,10.1003809,2.774605794,cod.27.7e-k
2019,UK (England),27.7.f,Landings,OTB_CRU,7,7.5279,0.02346675,cod.27.7e-k
2019,UK (England),27.7.f,Landings,OTB_DEF,1,0.798152090740793,3168.664405585,cod.27.7e-k
2019,UK (England),27.7.f,Landings,OTB_DEF,2,1.92158620969985,775.315294026,cod.27.7e-k
2019,UK (England),27.7.f,Landings,OTB_DEF,3,3.95270702834559,38.63698752,cod.27.7e-k
2019,UK (England),27.7.f,Landings,OTB_DEF,4,7.66948240749665,27.14476513,cod.27.7e-k
2019,UK (England),27.7.f,Landings,OTB_DEF,5,12.8725022739157,6.756180172,cod.27.7e-k
2019,UK (England),27.7.f,Landings,OTB_DEF,6,12.3685453643204,16.799339872,cod.27.7e-k
2019,UK (England),27.7.f,Landings,OTB_DEF,7,14.5998247112468,3.158393006,cod.27.7e-k
2019,UK (England),27.7.f,Landings,OTB_DEF,8,12.9063628660105,0.441941581,cod.27.7e-k
2019,UK (England),27.7.f,Landings,OTB_DEF,9,11.44618,0.053601088,cod.27.7e-k
2019,UK (England),27.7.f,Landings,TBB_DEF,1,0.938946458928223,398.645799149,cod.27.7e-k
2019,UK (England),27.7.f,Landings,TBB_DEF,2,1.68930368560729,3088.2686719,cod.27.7e-k
2019,UK (England),27.7.f,Landings,TBB_DEF,3,3.78322253772451,230.94147631,cod.27.7e-k
2019,UK (England),27.7.f,Landings,TBB_DEF,4,6.7880834326615,86.993128619,cod.27.7e-k
2019,UK (England),27.7.f,Landings,TBB_DEF,5,8.91410103077365,9.055568065,cod.27.7e-k
2019,UK (England),27.7.f,Landings,TBB_DEF,6,9.77554500635483,25.865024187,cod.27.7e-k
2019,UK (England),27.7.f,Landings,TBB_DEF,7,10.3990234806979,0.690020353,cod.27.7e-k
2019,UK (England),27.7.f,Landings,TBB_DEF,8,9.86754940610455,2.915735096,cod.27.7e-k
2019,UK (England),27.7.f,Landings,TBB_DEF,9,10.2591223650575,0.091237916,cod.27.7e-k
2019,UK (England),27.7.g,Discards,OTB_CRU,1,0.17306,397.73895351,cod.27.7e-k
2019,UK (England),27.7.g,Discards,OTB_DEF,1,0.418584408858189,2115.18488631,cod.27.7e-k
2019,UK (England),27.7.g,Discards,OTB_DEF,2,0.733734951889449,41.5973271,cod.27.7e-k
2019,UK (England),27.7.g,Discards,TBB_DEF,1,0.3011145571832,20633.011267,cod.27.7e-k
2019,UK (England),27.7.g,Discards,TBB_DEF,2,0.499699180884124,1139.3074196,cod.27.7e-k
2019,UK (England),27.7.g,Discards,TBB_DEF,3,0.316,34.86645255,cod.27.7e-k
2019,UK (England),27.7.g,Landings,MIS_MIS,1,1.4730921841618,71.170292986,cod.27.7e-k
2019,UK (England),27.7.g,Landings,MIS_MIS,2,2.32291377658376,2113.501639344,cod.27.7e-k
2019,UK (England),27.7.g,Landings,MIS_MIS,3,4.58161869593673,716.169078043,cod.27.7e-k
2019,UK (England),27.7.g,Landings,MIS_MIS,4,7.18553903735765,460.170534025,cod.27.7e-k
2019,UK (England),27.7.g,Landings,MIS_MIS,5,9.1986217888967,75.766467051,cod.27.7e-k
2019,UK (England),27.7.g,Landings,MIS_MIS,6,10.4067890728278,166.725696419,cod.27.7e-k
2019,UK (England),27.7.g,Landings,MIS_MIS,7,12.1377656279814,14.798349398,cod.27.7e-k
2019,UK (England),27.7.g,Landings,MIS_MIS,8,11.6617126944757,16.490057151,cod.27.7e-k
2019,UK (England),27.7.g,Landings,MIS_MIS,9,10.824170114901,4.798807962,cod.27.7e-k
2019,UK (England),27.7.g,Landings,OTB_CRU,1,0.81291,2.301496435,cod.27.7e-k
2019,UK (England),27.7.g,Landings,OTB_CRU,2,1.969889091,131.221204595,cod.27.7e-k
2019,UK (England),27.7.g,Landings,OTB_CRU,3,4.764581475,11.204344085,cod.27.7e-k
2019,UK (England),27.7.g,Landings,OTB_CRU,4,6.991525971,48.750407252,cod.27.7e-k
2019,UK (England),27.7.g,Landings,OTB_CRU,5,9.317864716,6.585352933,cod.27.7e-k
2019,UK (England),27.7.g,Landings,OTB_CRU,6,10.1003809,18.600135133,cod.27.7e-k
2019,UK (England),27.7.g,Landings,OTB_CRU,7,7.5279,0.157314139,cod.27.7e-k
2019,UK (England),27.7.g,Landings,OTB_DEF,1,0.942609911090148,81.146677555,cod.27.7e-k
2019,UK (England),27.7.g,Landings,OTB_DEF,2,2.0145174224328,750.049261972,cod.27.7e-k
2019,UK (England),27.7.g,Landings,OTB_DEF,3,4.21875305875784,130.484840928,cod.27.7e-k
2019,UK (England),27.7.g,Landings,OTB_DEF,4,7.3402395724249,111.809832679,cod.27.7e-k
2019,UK (England),27.7.g,Landings,OTB_DEF,5,9.91747545631723,14.501907794,cod.27.7e-k
2019,UK (England),27.7.g,Landings,OTB_DEF,6,11.0042531327004,56.931108435,cod.27.7e-k
2019,UK (England),27.7.g,Landings,OTB_DEF,7,11.601379716698,6.066316418,cod.27.7e-k
2019,UK (England),27.7.g,Landings,OTB_DEF,8,12.2516672200658,1.995858376,cod.27.7e-k
2019,UK (England),27.7.g,Landings,OTB_DEF,9,11.44618,0.016763275,cod.27.7e-k
2019,UK (England),27.7.g,Landings,TBB_DEF,1,1.09609285558708,61.25290016,cod.27.7e-k
2019,UK (England),27.7.g,Landings,TBB_DEF,2,1.83966095163104,856.1937823,cod.27.7e-k
2019,UK (England),27.7.g,Landings,TBB_DEF,3,3.77538039766722,159.94772379,cod.27.7e-k
2019,UK (England),27.7.g,Landings,TBB_DEF,4,6.77260728136187,78.298244947,cod.27.7e-k
2019,UK (England),27.7.g,Landings,TBB_DEF,5,9.02239826232686,7.711902402,cod.27.7e-k
2019,UK (England),27.7.g,Landings,TBB_DEF,6,9.91167073500972,21.977020526,cod.27.7e-k
2019,UK (England),27.7.g,Landings,TBB_DEF,7,10.7427202008712,1.800388232,cod.27.7e-k
2019,UK (England),27.7.g,Landings,TBB_DEF,8,10.1734214375201,1.180369657,cod.27.7e-k
2019,UK (England),27.7.g,Landings,TBB_DEF,9,10.55258,0.270056156,cod.27.7e-k
2019,UK (England),27.7.h,Discards,OTB_CRU,1,0.17306,1060.93020311,cod.27.7e-k
2019,UK (England),27.7.h,Discards,OTB_DEF,1,0.414011560575606,1176.93362933,cod.27.7e-k
2019,UK (England),27.7.h,Discards,OTB_DEF,2,0.731369141397826,35.814131043,cod.27.7e-k
2019,UK (England),27.7.h,Discards,TBB_DEF,1,0.290060215182778,7879.716295,cod.27.7e-k
2019,UK (England),27.7.h,Discards,TBB_DEF,2,0.379573795420688,804.8957326,cod.27.7e-k
2019,UK (England),27.7.h,Discards,TBB_DEF,3,0.319014458538041,31.796804219,cod.27.7e-k
2019,UK (England),27.7.h,Landings,MIS_MIS,1,0.875676114613667,93.470554473,cod.27.7e-k
2019,UK (England),27.7.h,Landings,MIS_MIS,2,2.22821974964815,142.911598865,cod.27.7e-k
2019,UK (England),27.7.h,Landings,MIS_MIS,3,4.28130773136924,29.118521626,cod.27.7e-k
2019,UK (England),27.7.h,Landings,MIS_MIS,4,6.64946925627907,13.364605169,cod.27.7e-k
2019,UK (England),27.7.h,Landings,MIS_MIS,5,9.04955613970068,2.006827709,cod.27.7e-k
2019,UK (England),27.7.h,Landings,MIS_MIS,6,9.99026362177782,3.271624031,cod.27.7e-k
2019,UK (England),27.7.h,Landings,MIS_MIS,7,10.5304453017132,0.230163016,cod.27.7e-k
2019,UK (England),27.7.h,Landings,MIS_MIS,8,11.5799843474511,0.147262605,cod.27.7e-k
2019,UK (England),27.7.h,Landings,MIS_MIS,9,10.7960672707282,0.204188592,cod.27.7e-k
2019,UK (England),27.7.h,Landings,OTB_CRU,1,0.81291,6.13901922,cod.27.7e-k
2019,UK (England),27.7.h,Landings,OTB_CRU,2,1.969889091,350.01987612,cod.27.7e-k
2019,UK (England),27.7.h,Landings,OTB_CRU,3,4.764581475,29.886504568,cod.27.7e-k
2019,UK (England),27.7.h,Landings,OTB_CRU,4,6.991525971,130.03699785,cod.27.7e-k
2019,UK (England),27.7.h,Landings,OTB_CRU,5,9.317864716,17.565792236,cod.27.7e-k
2019,UK (England),27.7.h,Landings,OTB_CRU,6,10.1003809,49.614062117,cod.27.7e-k
2019,UK (England),27.7.h,Landings,OTB_CRU,7,7.5279,0.419620256,cod.27.7e-k
2019,UK (England),27.7.h,Landings,OTB_DEF,1,0.853104770804788,161.256108525,cod.27.7e-k
2019,UK (England),27.7.h,Landings,OTB_DEF,2,1.9124491839936,470.293781899,cod.27.7e-k
2019,UK (England),27.7.h,Landings,OTB_DEF,3,4.31088387571238,61.2491272,cod.27.7e-k
2019,UK (England),27.7.h,Landings,OTB_DEF,4,7.34944307540794,53.811108325,cod.27.7e-k
2019,UK (England),27.7.h,Landings,OTB_DEF,5,9.86365751226466,6.172151903,cod.27.7e-k
2019,UK (England),27.7.h,Landings,OTB_DEF,6,10.8139248581662,23.351957032,cod.27.7e-k
2019,UK (England),27.7.h,Landings,OTB_DEF,7,12.2469782998549,3.022916591,cod.27.7e-k
2019,UK (England),27.7.h,Landings,OTB_DEF,8,13.0772948042589,0.234852683,cod.27.7e-k
2019,UK (England),27.7.h,Landings,TBB_DEF,1,0.833757867486578,301.13924609,cod.27.7e-k
2019,UK (England),27.7.h,Landings,TBB_DEF,2,1.61292246469429,668.38858985,cod.27.7e-k
2019,UK (England),27.7.h,Landings,TBB_DEF,3,4.01871876942075,51.950734624,cod.27.7e-k
2019,UK (England),27.7.h,Landings,TBB_DEF,4,6.49273910066898,28.038050347,cod.27.7e-k
2019,UK (England),27.7.h,Landings,TBB_DEF,5,7.72561758379963,4.133050224,cod.27.7e-k
2019,UK (England),27.7.h,Landings,TBB_DEF,6,8.68428716452187,11.073515712,cod.27.7e-k
2019,UK (England),27.7.h,Landings,TBB_DEF,7,9.50353246680866,0.424332057,cod.27.7e-k
2019,UK (England),27.7.h,Landings,TBB_DEF,8,8.97378258147777,3.956206972,cod.27.7e-k
2019,UK (England),27.7.h,Landings,TBB_DEF,9,11.6069339381597,0.035661805,cod.27.7e-k
2019,UK (England),27.7.j,Discards,OTB_DEF,1,0.40816649022209,4237.7957183,cod.27.7e-k
2019,UK (England),27.7.j,Discards,OTB_DEF,2,0.731761649982301,96.411290737,cod.27.7e-k
2019,UK (England),27.7.j,Landings,MIS_MIS,1,0.702835610583662,1.395331004,cod.27.7e-k
2019,UK (England),27.7.j,Landings,MIS_MIS,2,2.03383323124965,443.291500308,cod.27.7e-k
2019,UK (England),27.7.j,Landings,MIS_MIS,3,3.78379547585747,105.943237773,cod.27.7e-k
2019,UK (England),27.7.j,Landings,MIS_MIS,4,6.31192755535345,40.161470034,cod.27.7e-k
2019,UK (England),27.7.j,Landings,MIS_MIS,5,9.00078902129964,2.312554063,cod.27.7e-k
2019,UK (England),27.7.j,Landings,MIS_MIS,6,9.83349333691467,10.369872606,cod.27.7e-k
2019,UK (England),27.7.j,Landings,MIS_MIS,7,10.3886474785106,1.239814908,cod.27.7e-k
2019,UK (England),27.7.j,Landings,MIS_MIS,8,12.0560274275515,0.605445117,cod.27.7e-k
2019,UK (England),27.7.j,Landings,MIS_MIS,9,10.45113131,0.10605042,cod.27.7e-k
2019,UK (England),27.7.j,Landings,OTB_DEF,1,0.863257063379797,1116.094485905,cod.27.7e-k
2019,UK (England),27.7.j,Landings,OTB_DEF,2,2.02098237291266,1172.212027207,cod.27.7e-k
2019,UK (England),27.7.j,Landings,OTB_DEF,3,4.31941437227315,179.302953027,cod.27.7e-k
2019,UK (England),27.7.j,Landings,OTB_DEF,4,7.48547885852161,142.76059682,cod.27.7e-k
2019,UK (England),27.7.j,Landings,OTB_DEF,5,10.3399967483596,23.864418086,cod.27.7e-k
2019,UK (England),27.7.j,Landings,OTB_DEF,6,11.02119211283,72.621720264,cod.27.7e-k
2019,UK (England),27.7.j,Landings,OTB_DEF,7,12.12080461667,9.938043375,cod.27.7e-k
2019,UK (England),27.7.j,Landings,OTB_DEF,8,13.0804927635317,0.978212956,cod.27.7e-k
2019,UK(Northern Ireland),27.7.g,Discards,OTB_CRU,1,0.17306,481.6816498,cod.27.7e-k
2019,UK(Northern Ireland),27.7.g,Discards,OTB_DEF,1,0.4070205638,63.19017398,cod.27.7e-k
2019,UK(Northern Ireland),27.7.g,Discards,OTB_DEF,2,0.73007,2.621362019,cod.27.7e-k
2019,UK(Northern Ireland),27.7.g,Landings,OTB_CRU,1,0.952188516474671,7.224750126,cod.27.7e-k
2019,UK(Northern Ireland),27.7.g,Landings,OTB_CRU,2,1.99272352036284,167.420213263,cod.27.7e-k
2019,UK(Northern Ireland),27.7.g,Landings,OTB_CRU,3,4.6450046126354,15.067459538,cod.27.7e-k
2019,UK(Northern Ireland),27.7.g,Landings,OTB_CRU,4,7.05499500566414,55.383979632,cod.27.7e-k
2019,UK(Northern Ireland),27.7.g,Landings,OTB_CRU,5,9.31156577159596,7.089359294,cod.27.7e-k
2019,UK(Northern Ireland),27.7.g,Landings,OTB_CRU,6,10.1891926093373,21.799167655,cod.27.7e-k
2019,UK(Northern Ireland),27.7.g,Landings,OTB_CRU,7,10.3627222074618,0.301380949,cod.27.7e-k
2019,UK(Northern Ireland),27.7.g,Landings,OTB_CRU,8,14.2730125175782,0.246919144,cod.27.7e-k
2019,UK(Northern Ireland),27.7.g,Landings,OTB_DEF,1,0.73089,1.163972924,cod.27.7e-k
2019,UK(Northern Ireland),27.7.g,Landings,OTB_DEF,2,1.777458805,34.08012071,cod.27.7e-k
2019,UK(Northern Ireland),27.7.g,Landings,OTB_DEF,3,4.50678958,3.635601628,cod.27.7e-k
2019,UK(Northern Ireland),27.7.g,Landings,OTB_DEF,4,7.21753946,4.017841268,cod.27.7e-k
2019,UK(Northern Ireland),27.7.g,Landings,OTB_DEF,5,9.131812017,0.298581169,cod.27.7e-k
2019,UK(Northern Ireland),27.7.g,Landings,OTB_DEF,6,10.49649794,1.312439446,cod.27.7e-k
2019,UK(Northern Ireland),27.7.g,Landings,OTB_DEF,7,12.96323189,0.130124088,cod.27.7e-k
2019,UK(Scotland),27.7.h,Discards,OTB_DEF,1,0.417339558294951,70.67063867,cod.27.7e-k
2019,UK(Scotland),27.7.h,Discards,OTB_DEF,2,0.732621348299321,1.685419652,cod.27.7e-k
2019,UK(Scotland),27.7.h,Landings,OTB_DEF,1,0.909401378667812,18.100827841,cod.27.7e-k
2019,UK(Scotland),27.7.h,Landings,OTB_DEF,2,2.0580917899778,25.245118079,cod.27.7e-k
2019,UK(Scotland),27.7.h,Landings,OTB_DEF,3,4.34542537792516,4.174422847,cod.27.7e-k
2019,UK(Scotland),27.7.h,Landings,OTB_DEF,4,7.51724343090894,3.302219386,cod.27.7e-k
2019,UK(Scotland),27.7.h,Landings,OTB_DEF,5,10.3214730760944,0.575613172,cod.27.7e-k
2019,UK(Scotland),27.7.h,Landings,OTB_DEF,6,11.0017306022261,1.688328416,cod.27.7e-k
2019,UK(Scotland),27.7.h,Landings,OTB_DEF,7,12.0404866182444,0.233332075,cod.27.7e-k
2019,UK(Scotland),27.7.h,Landings,OTB_DEF,8,13.0779870755825,0.022475936,cod.27.7e-k
2019,UK(Scotland),27.7.j.2,Discards,OTB_CRU,1,0.17306,26.369433384,cod.27.7e-k
2019,UK(Scotland),27.7.j.2,Discards,OTB_DEF,1,0.417339558295127,587.2272494,cod.27.7e-k
2019,UK(Scotland),27.7.j.2,Discards,OTB_DEF,2,0.732621348299183,14.004746034,cod.27.7e-k
2019,UK(Scotland),27.7.j.2,Landings,OTB_CRU,1,0.955162616348204,6.41211033,cod.27.7e-k
2019,UK(Scotland),27.7.j.2,Landings,OTB_CRU,2,2.19110625251001,11.628077228,cod.27.7e-k
2019,UK(Scotland),27.7.j.2,Landings,OTB_CRU,3,4.05818554992822,1.157468164,cod.27.7e-k
2019,UK(Scotland),27.7.j.2,Landings,OTB_CRU,4,7.34902332824916,1.77167432,cod.27.7e-k
2019,UK(Scotland),27.7.j.2,Landings,OTB_CRU,5,9.27313544057765,0.167051316,cod.27.7e-k
2019,UK(Scotland),27.7.j.2,Landings,OTB_CRU,6,10.480183621044,0.78259587,cod.27.7e-k
2019,UK(Scotland),27.7.j.2,Landings,OTB_CRU,7,13.138869857201,0.026251434,cod.27.7e-k
2019,UK(Scotland),27.7.j.2,Landings,OTB_CRU,8,14.3507810766937,0.040693999,cod.27.7e-k
2019,UK(Scotland),27.7.j.2,Landings,OTB_DEF,1,0.909401378671434,150.406159412,cod.27.7e-k
2019,UK(Scotland),27.7.j.2,Landings,OTB_DEF,2,2.05809178998793,209.77058548,cod.27.7e-k
2019,UK(Scotland),27.7.j.2,Landings,OTB_DEF,3,4.34542537787552,34.686750998,cod.27.7e-k
2019,UK(Scotland),27.7.j.2,Landings,OTB_DEF,4,7.5172434308083,27.439304968,cod.27.7e-k
2019,UK(Scotland),27.7.j.2,Landings,OTB_DEF,5,10.3214730764932,4.782972759,cod.27.7e-k
2019,UK(Scotland),27.7.j.2,Landings,OTB_DEF,6,11.0017306023622,14.02891598,cod.27.7e-k
2019,UK(Scotland),27.7.j.2,Landings,OTB_DEF,7,12.0404866158288,1.938838457,cod.27.7e-k
2019,UK(Scotland),27.7.j.2,Landings,OTB_DEF,8,13.0779870460265,0.186760481,cod.27.7e-k
