Country,Season,Season type,Year,Stock,Area,Fleets,Effort,UnitEffort,Catch. kg,Catch Cat.,Report cat.,Discards Imported Or Raised
UK (England),2,Quarter,2020,mon.27.78abd,27.7.d,MIS_MIS_0_0_0_HC,-9,NA,1140,Landings,"A-All - reported, nonre",Imported
UK (England),4,Quarter,2020,mon.27.78abd,27.7.e,MIS_MIS_0_0_0_HC,-9,NA,9171,Landings,"A-All - reported, nonre",Imported
UK (England),4,Quarter,2020,mon.27.78abd,27.7.d,MIS_MIS_0_0_0_HC,-9,NA,13204,Landings,"A-All - reported, nonre",Imported
UK (England),4,Quarter,2020,mon.27.78abd,27.7.d,MIS_MIS_0_0_0_HC,-9,NA,80,BMS landing,"A-All - reported, nonre",Imported
France,1,Quarter,2020,mon.27.78abd,27.7.d,MIS_MIS_0_0_0,2684843,kWd,1723.59,Landings,R-Reported,Imported
France,4,Quarter,2020,mon.27.78abd,27.7.d,MIS_MIS_0_0_0,3737760,kWd,1719.9,Landings,R-Reported,Imported
France,1,Quarter,2020,mon.27.78abd,27.7.d,OTB_DEF_70-99_0_0,700078,kWd,6078.91,Landings,R-Reported,Imported
France,1,Quarter,2020,mon.27.78abd,27.7.d,OTB_DEF_70-99_0_0,700078,kWd,2888.06,Discards,R-Reported,Imported
France,4,Quarter,2020,mon.27.78abd,27.7.d,OTB_DEF_70-99_0_0,1043565,kWd,4524.34,Landings,R-Reported,Imported
France,3,Quarter,2020,mon.27.78abd,27.7.d,OTB_DEF_70-99_0_0,1302115,kWd,5104.82,Landings,R-Reported,Imported
France,3,Quarter,2020,mon.27.78abd,27.7.d,OTB_DEF_70-99_0_0,1302115,kWd,0,Discards,R-Reported,Imported
France,3,Quarter,2020,mon.27.78abd,27.7.d,MIS_MIS_0_0_0,1562886,kWd,3476.95,Landings,R-Reported,Imported
France,2,Quarter,2020,mon.27.78abd,27.7.d,MIS_MIS_0_0_0,1777913,kWd,2954.19,Landings,R-Reported,Imported
France,2,Quarter,2020,mon.27.78abd,27.7.d,OTB_DEF_70-99_0_0,764547,kWd,5206.25,Landings,R-Reported,Imported
UK (England),1,Quarter,2020,mon.27.78abd,27.7.d,MIS_MIS_0_0_0_HC,-9,NA,10193,Landings,"A-All - reported, nonre",Imported
UK (England),1,Quarter,2020,mon.27.78abd,27.7.d,MIS_MIS_0_0_0_HC,-9,NA,280,BMS landing,"A-All - reported, nonre",Imported
UK (England),3,Quarter,2020,mon.27.78abd,27.7.d,MIS_MIS_0_0_0_HC,-9,NA,2981,Landings,"A-All - reported, nonre",Imported
UK (England),3,Quarter,2020,mon.27.78abd,27.7.d,MIS_MIS_0_0_0_HC,-9,NA,160,BMS landing,"A-All - reported, nonre",Imported
Belgium,2,Quarter,2020,mon.27.78abd,27.7.d,SSC_DEF_70-99_0_0_all,6000,kWd,30,Landings,R-Reported,Imported
Belgium,4,Quarter,2020,mon.27.78abd,27.7.d,OTB_DEF_32-69_0_0_all,22128,kWd,9,Landings,R-Reported,Imported
Belgium,2,Quarter,2020,mon.27.78abd,27.7.d,SSC_DEF_32-69_0_0_all,10800,kWd,14,Landings,R-Reported,Imported
Belgium,4,Quarter,2020,mon.27.78abd,27.7.d,SSC_DEF_32-69_0_0_all,10800,kWd,21,Landings,R-Reported,Imported
Belgium,1,Quarter,2020,mon.27.78abd,27.7.d,OTB_CRU_70-99_0_0_all,1537,kWd,182,Landings,R-Reported,Imported
Belgium,1,Quarter,2020,mon.27.78abd,27.7.d,SSC_DEF_70-99_0_0_all,40800,kWd,55,Landings,R-Reported,Imported
Belgium,4,Quarter,2020,mon.27.78abd,27.7.d,SSC_DEF_70-99_0_0_all,27600,kWd,102,Landings,R-Reported,Imported
Belgium,1,Quarter,2020,mon.27.78abd,27.7.d,OTB_DEF_32-69_0_0_all,11354,kWd,47,Landings,R-Reported,Imported
UK(Northern Ireland),1,Quarter,2020,mon.27.78abd,27.7.a,OTB_CRU_70-99_0_0_all,335221,kWd,0,Discards,R-Reported,Imported
France,1,Quarter,2020,mon.27.78abd,27.7.h,OTT_DEF_100-119_0_0,523731,kWd,212213.88,Landings,R-Reported,Imported
France,3,Quarter,2020,mon.27.78abd,27.7.h,OTB_DEF_100-119_0_0,300526,kWd,112748.39,Landings,R-Reported,Imported
France,4,Quarter,2020,mon.27.78abd,27.8.a,MIS_MIS_0_0_0,2875410,kWd,3614.55,Landings,R-Reported,Imported
France,3,Quarter,2020,mon.27.78abd,27.8.b,MIS_MIS_0_0_0,1517870,kWd,4160.67,Landings,R-Reported,Imported
France,3,Quarter,2020,mon.27.78abd,27.7.h,MIS_MIS_0_0_0,353032,kWd,20680.18,Landings,R-Reported,Imported
France,2,Quarter,2020,mon.27.78abd,27.8.a,MIS_MIS_0_0_0,3102315,kWd,10456.05,Landings,R-Reported,Imported
France,4,Quarter,2020,mon.27.78abd,27.8.b,MIS_MIS_0_0_0,1410054,kWd,335.78,Landings,R-Reported,Imported
France,4,Quarter,2020,mon.27.78abd,27.7.h,MIS_MIS_0_0_0,234556,kWd,4845.4,Landings,R-Reported,Imported
France,3,Quarter,2020,mon.27.78abd,27.8.a,MIS_MIS_0_0_0,3451212,kWd,23583.28,Landings,R-Reported,Imported
France,4,Quarter,2020,mon.27.78abd,27.7.b,OTT_DEF_100-119_0_0,8663,kWd,13097.28,Landings,R-Reported,Imported
France,3,Quarter,2020,mon.27.78abd,27.7.g,MIS_MIS_0_0_0,20510,kWd,0,Landings,R-Reported,Imported
France,1,Quarter,2020,mon.27.78abd,27.7.g,OTT_DEF_100-119_0_0,147672,kWd,89371.84,Landings,R-Reported,Imported
France,1,Quarter,2020,mon.27.78abd,27.7.g,OTB_DEF_100-119_0_0,122848,kWd,34041.98,Landings,R-Reported,Imported
France,4,Quarter,2020,mon.27.78abd,27.7.g,OTB_DEF_100-119_0_0,96954,kWd,13506.1,Landings,R-Reported,Imported
France,2,Quarter,2020,mon.27.78abd,27.7.h,MIS_MIS_0_0_0,195865,kWd,2969.46,Landings,R-Reported,Imported
France,2,Quarter,2020,mon.27.78abd,27.7.h,OTT_DEF_100-119_0_0,393837,kWd,108662.7,Landings,R-Reported,Imported
France,3,Quarter,2020,mon.27.78abd,27.7.h,OTT_DEF_100-119_0_0,429206,kWd,253095.44,Landings,R-Reported,Imported
France,4,Quarter,2020,mon.27.78abd,27.7.h,OTT_DEF_100-119_0_0,550004,kWd,406975.09,Landings,R-Reported,Imported
France,1,Quarter,2020,mon.27.78abd,27.7.h,OTB_DEF_100-119_0_0,146106,kWd,65171.03,Landings,R-Reported,Imported
France,1,Quarter,2020,mon.27.78abd,27.7.j,MIS_MIS_0_0_0,666966,kWd,923.91,Landings,R-Reported,Imported
France,2,Quarter,2020,mon.27.78abd,27.7.j,MIS_MIS_0_0_0,1017754,kWd,25.75,Landings,R-Reported,Imported
France,3,Quarter,2020,mon.27.78abd,27.7.j,MIS_MIS_0_0_0,635809,kWd,830.41,Landings,R-Reported,Imported
France,4,Quarter,2020,mon.27.78abd,27.7.j,MIS_MIS_0_0_0,415998,kWd,542.73,Landings,R-Reported,Imported
France,1,Quarter,2020,mon.27.78abd,27.7.j,OTT_DEF_100-119_0_0,122106,kWd,178078.19,Landings,R-Reported,Imported
France,2,Quarter,2020,mon.27.78abd,27.7.j,OTT_DEF_100-119_0_0,120507,kWd,210769.47,Landings,R-Reported,Imported
France,3,Quarter,2020,mon.27.78abd,27.7.j,OTT_DEF_100-119_0_0,203756,kWd,326561.27,Landings,R-Reported,Imported
France,4,Quarter,2020,mon.27.78abd,27.7.j,OTT_DEF_100-119_0_0,211906,kWd,296841.52,Landings,R-Reported,Imported
France,1,Quarter,2020,mon.27.78abd,27.7.j,OTB_DEF_100-119_0_0,389119,kWd,398626.99,Landings,R-Reported,Imported
France,3,Quarter,2020,mon.27.78abd,27.7.j,OTB_DEF_100-119_0_0,178406,kWd,203122.36,Landings,R-Reported,Imported
France,4,Quarter,2020,mon.27.78abd,27.7.j,OTB_DEF_100-119_0_0,258913,kWd,283506.72,Landings,R-Reported,Imported
France,4,Quarter,2020,mon.27.78abd,27.7.k,OTT_DEF_100-119_0_0,9451,kWd,9698.18,Landings,R-Reported,Imported
France,1,Quarter,2020,mon.27.78abd,27.8.a,MIS_MIS_0_0_0,3091574,kWd,10533.58,Landings,R-Reported,Imported
France,1,Quarter,2020,mon.27.78abd,27.8.b,MIS_MIS_0_0_0,1588847,kWd,2040.71,Landings,R-Reported,Imported
France,2,Quarter,2020,mon.27.78abd,27.8.b,MIS_MIS_0_0_0,1546756,kWd,1924.21,Landings,R-Reported,Imported
France,1,Quarter,2020,mon.27.78abd,27.8.d,MIS_MIS_0_0_0,104633,kWd,239.63,Landings,R-Reported,Imported
France,2,Quarter,2020,mon.27.78abd,27.8.d,MIS_MIS_0_0_0,75363,kWd,51.72,Landings,R-Reported,Imported
France,3,Quarter,2020,mon.27.78abd,27.8.d,MIS_MIS_0_0_0,285804,kWd,643.73,Landings,R-Reported,Imported
Spain,3,Quarter,2020,mon.27.78abd,27.7.b,OTB_DEF_70-99_0_0,70822,kWd,73188,Landings,R-Reported,Imported
Spain,3,Quarter,2020,mon.27.78abd,27.7.b,OTB_DEF_70-99_0_0,70822,kWd,0,Discards,R-Reported,Imported
Spain,4,Quarter,2020,mon.27.78abd,27.7.b,OTB_DEF_70-99_0_0,80519,kWd,45185.71,Landings,R-Reported,Imported
Spain,4,Quarter,2020,mon.27.78abd,27.7.b,OTB_DEF_70-99_0_0,80519,kWd,50,Discards,R-Reported,Imported
Spain,3,Quarter,2020,mon.27.78abd,27.7.g,OTB_DEF_70-99_0_0,8635,kWd,4191,Landings,R-Reported,Imported
Spain,3,Quarter,2020,mon.27.78abd,27.7.g,OTB_DEF_70-99_0_0,8635,kWd,0,Discards,R-Reported,Imported
Spain,3,Quarter,2020,mon.27.78abd,27.7.h,OTB_DEF_70-99_0_0,23748,kWd,12980,Landings,R-Reported,Imported
Spain,3,Quarter,2020,mon.27.78abd,27.7.h,OTB_DEF_70-99_0_0,23748,kWd,0,Discards,R-Reported,Imported
Spain,4,Quarter,2020,mon.27.78abd,27.7.h,OTB_DEF_70-99_0_0,4591,kWd,1509,Landings,R-Reported,Imported
Spain,4,Quarter,2020,mon.27.78abd,27.7.h,OTB_DEF_70-99_0_0,4591,kWd,6,Discards,R-Reported,Imported
Spain,3,Quarter,2020,mon.27.78abd,27.7.c.2,OTB_DEF_70-99_0_0,169568,kWd,194637,Landings,R-Reported,Imported
Spain,3,Quarter,2020,mon.27.78abd,27.7.c.2,OTB_DEF_70-99_0_0,169568,kWd,0,Discards,R-Reported,Imported
Spain,4,Quarter,2020,mon.27.78abd,27.7.c.2,OTB_DEF_70-99_0_0,46087,kWd,20344,Landings,R-Reported,Imported
Spain,4,Quarter,2020,mon.27.78abd,27.7.c.2,OTB_DEF_70-99_0_0,46087,kWd,38,Discards,R-Reported,Imported
Spain,3,Quarter,2020,mon.27.78abd,27.7.j.2,OTB_DEF_70-99_0_0,210453,kWd,205027,Landings,R-Reported,Imported
Spain,3,Quarter,2020,mon.27.78abd,27.7.j.2,OTB_DEF_70-99_0_0,210453,kWd,0,Discards,R-Reported,Imported
Spain,4,Quarter,2020,mon.27.78abd,27.7.j.2,OTB_DEF_70-99_0_0,368975,kWd,131590,Landings,R-Reported,Imported
Spain,4,Quarter,2020,mon.27.78abd,27.7.j.2,OTB_DEF_70-99_0_0,368975,kWd,345,Discards,R-Reported,Imported
Ireland,2020,Year,2020,mon.27.78abd,27.7.b,OTB_DEF_100-119_0_0_all,-9,NA,-59584,Landings,M-Misreported,Imported
France,3,Quarter,2020,mon.27.78abd,27.8.a,GNS_DEF_100-119_0_0_all,563101,kWd,12023.49,Landings,R-Reported,Imported
France,3,Quarter,2020,mon.27.78abd,27.8.a,GNS_DEF_100-119_0_0_all,563101,kWd,53.92,Discards,R-Reported,Imported
France,4,Quarter,2020,mon.27.78abd,27.8.a,GNS_DEF_100-119_0_0_all,461524,kWd,7571.81,Landings,R-Reported,Imported
France,4,Quarter,2020,mon.27.78abd,27.8.a,GNS_DEF_100-119_0_0_all,461524,kWd,26.72,Discards,R-Reported,Imported
France,3,Quarter,2020,mon.27.78abd,27.8.a,OTB_DEF_>=70_0_0,664458,kWd,51101.14,Landings,R-Reported,Imported
France,3,Quarter,2020,mon.27.78abd,27.8.a,OTB_DEF_>=70_0_0,664458,kWd,0,Discards,R-Reported,Imported
France,3,Quarter,2020,mon.27.78abd,27.8.d,GNS_DEF_100-119_0_0_all,17514,kWd,7662.5,Landings,R-Reported,Imported
Spain,2,Quarter,2020,mon.27.78abd,27.8.a,LLS_DEF_0_0_0,72910,kWd,14,Landings,R-Reported,Imported
Spain,2,Quarter,2020,mon.27.78abd,27.8.a,OTB_DEF_>=70_0_0,161690,kWd,15267,Landings,R-Reported,Imported
Spain,1,Quarter,2020,mon.27.78abd,27.8.b,LLS_DEF_0_0_0,37437,kWd,1,Landings,R-Reported,Imported
Spain,1,Quarter,2020,mon.27.78abd,27.8.b,OTB_DEF_>=70_0_0,186005,kWd,16333.5,Landings,R-Reported,Imported
Spain,1,Quarter,2020,mon.27.78abd,27.8.b,OTB_DEF_>=70_0_0,186005,kWd,0,Discards,R-Reported,Imported
Spain,4,Quarter,2020,mon.27.78abd,27.8.b,OTB_DEF_>=70_0_0,191302,kWd,28190,Landings,R-Reported,Imported
Spain,4,Quarter,2020,mon.27.78abd,27.8.b,OTB_DEF_>=70_0_0,191302,kWd,783.21,Discards,R-Reported,Imported
Spain,1,Quarter,2020,mon.27.78abd,27.8.d.2,LLS_DEF_0_0_0,34825,kWd,0,Landings,R-Reported,Imported
Spain,4,Quarter,2020,mon.27.78abd,27.8.d.2,LLS_DEF_0_0_0,84345,kWd,6,Landings,R-Reported,Imported
Spain,1,Quarter,2020,mon.27.78abd,27.8.d.2,OTB_DEF_>=70_0_0,1766,kWd,64.66,Landings,R-Reported,Imported
Spain,4,Quarter,2020,mon.27.78abd,27.8.d.2,OTB_DEF_>=70_0_0,0,kWd,0,Landings,R-Reported,Imported
Spain,1,Quarter,2020,mon.27.78abd,27.8.d.2,GNS_DEF_>=100_0_0,5445,kWd,38,Landings,R-Reported,Imported
Spain,3,Quarter,2020,mon.27.78abd,27.8.a,LLS_DEF_0_0_0,139723,kWd,24,Landings,R-Reported,Imported
Spain,3,Quarter,2020,mon.27.78abd,27.8.a,OTB_DEF_>=70_0_0,161823,kWd,10657,Landings,R-Reported,Imported
Spain,3,Quarter,2020,mon.27.78abd,27.8.a,GNS_DEF_>=100_0_0,29953,kWd,298,Landings,R-Reported,Imported
Spain,2,Quarter,2020,mon.27.78abd,27.8.b,LLS_DEF_0_0_0,90626,kWd,29.53,Landings,R-Reported,Imported
Spain,2,Quarter,2020,mon.27.78abd,27.8.b,OTB_DEF_>=70_0_0,131425,kWd,27149,Landings,R-Reported,Imported
Spain,2,Quarter,2020,mon.27.78abd,27.8.b,OTB_DEF_>=70_0_0,131425,kWd,0,Discards,R-Reported,Imported
Spain,2,Quarter,2020,mon.27.78abd,27.8.b,GNS_DEF_>=100_0_0,0,kWd,0,Landings,R-Reported,Imported
Spain,2,Quarter,2020,mon.27.78abd,27.8.d.2,LLS_DEF_0_0_0,36678,kWd,9,Landings,R-Reported,Imported
Spain,2,Quarter,2020,mon.27.78abd,27.8.d.2,GNS_DEF_>=100_0_0,1626,kWd,25,Landings,R-Reported,Imported
Spain,1,Quarter,2020,mon.27.78abd,27.8.a,LLS_DEF_0_0_0,122919,kWd,8,Landings,R-Reported,Imported
Spain,4,Quarter,2020,mon.27.78abd,27.8.a,LLS_DEF_0_0_0,207856,kWd,6,Landings,R-Reported,Imported
Spain,1,Quarter,2020,mon.27.78abd,27.8.a,GNS_DEF_>=100_0_0,61543,kWd,354.07,Landings,R-Reported,Imported
Spain,4,Quarter,2020,mon.27.78abd,27.8.a,GNS_DEF_>=100_0_0,26162,kWd,139,Landings,R-Reported,Imported
Spain,3,Quarter,2020,mon.27.78abd,27.8.b,LLS_DEF_0_0_0,97857,kWd,6.97,Landings,R-Reported,Imported
Spain,3,Quarter,2020,mon.27.78abd,27.8.b,GNS_DEF_>=100_0_0,0,kWd,0,Landings,R-Reported,Imported
Spain,3,Quarter,2020,mon.27.78abd,27.8.d.2,LLS_DEF_0_0_0,76261,kWd,1,Landings,R-Reported,Imported
Spain,2,Quarter,2020,mon.27.78abd,27.8.d.2,OTB_DEF_>=70_0_0,0,kWd,0,Landings,R-Reported,Imported
Spain,3,Quarter,2020,mon.27.78abd,27.8.d.2,GNS_DEF_>=100_0_0,15032,kWd,90,Landings,R-Reported,Imported
Spain,1,Quarter,2020,mon.27.78abd,27.8.a,OTB_DEF_>=70_0_0,140616,kWd,10645,Landings,R-Reported,Imported
Spain,1,Quarter,2020,mon.27.78abd,27.8.a,OTB_DEF_>=70_0_0,140616,kWd,15,BMS landing,R-Reported,Imported
Spain,4,Quarter,2020,mon.27.78abd,27.8.a,OTB_DEF_>=70_0_0,158210,kWd,8233,Landings,R-Reported,Imported
Spain,2,Quarter,2020,mon.27.78abd,27.8.a,GNS_DEF_>=100_0_0,55046,kWd,540,Landings,R-Reported,Imported
Spain,4,Quarter,2020,mon.27.78abd,27.8.b,LLS_DEF_0_0_0,97766,kWd,122.34,Landings,R-Reported,Imported
Spain,3,Quarter,2020,mon.27.78abd,27.8.b,OTB_DEF_>=70_0_0,63528,kWd,5198.06,Landings,R-Reported,Imported
Spain,3,Quarter,2020,mon.27.78abd,27.8.b,OTB_DEF_>=70_0_0,63528,kWd,222.34,Discards,R-Reported,Imported
Spain,1,Quarter,2020,mon.27.78abd,27.8.b,GNS_DEF_>=100_0_0,32309,kWd,820.33,Landings,R-Reported,Imported
Spain,4,Quarter,2020,mon.27.78abd,27.8.b,GNS_DEF_>=100_0_0,21036,kWd,1471.18,Landings,R-Reported,Imported
Spain,3,Quarter,2020,mon.27.78abd,27.8.d.2,OTB_DEF_>=70_0_0,0,kWd,0,Landings,R-Reported,Imported
Spain,4,Quarter,2020,mon.27.78abd,27.8.d.2,GNS_DEF_>=100_0_0,3605,kWd,42,Landings,R-Reported,Imported
France,3,Quarter,2020,mon.27.78abd,27.8.a,OTT_DEF_>=70_0_0,349619,kWd,93995.02,Landings,R-Reported,Imported
France,3,Quarter,2020,mon.27.78abd,27.8.b,GTR_DEF_100-119_0_0_all,472889,kWd,29538.15,Landings,R-Reported,Imported
France,3,Quarter,2020,mon.27.78abd,27.8.b,GNS_DEF_100-119_0_0_all,161263,kWd,6355.39,Landings,R-Reported,Imported
France,3,Quarter,2020,mon.27.78abd,27.8.b,GNS_DEF_100-119_0_0_all,161263,kWd,0,Discards,R-Reported,Imported
France,1,Quarter,2020,mon.27.78abd,27.8.d,GNS_DEF_100-119_0_0_all,33255,kWd,35549.95,Landings,R-Reported,Imported
France,2,Quarter,2020,mon.27.78abd,27.8.a,GNS_DEF_100-119_0_0_all,485492,kWd,10924.79,Landings,R-Reported,Imported
France,2,Quarter,2020,mon.27.78abd,27.8.a,GNS_DEF_100-119_0_0_all,485492,kWd,0,Discards,R-Reported,Imported
France,1,Quarter,2020,mon.27.78abd,27.8.b,GNS_DEF_100-119_0_0_all,410016,kWd,13748.56,Landings,R-Reported,Imported
France,1,Quarter,2020,mon.27.78abd,27.8.b,GNS_DEF_100-119_0_0_all,410016,kWd,161.66,Discards,R-Reported,Imported
France,2,Quarter,2020,mon.27.78abd,27.8.b,GNS_DEF_100-119_0_0_all,224069,kWd,51291.25,Landings,R-Reported,Imported
France,2,Quarter,2020,mon.27.78abd,27.8.d,GNS_DEF_100-119_0_0_all,10635,kWd,6941.81,Landings,R-Reported,Imported
France,3,Quarter,2020,mon.27.78abd,27.8.d,OTB_DEF_>=70_0_0,5409,kWd,2932.13,Landings,R-Reported,Imported
Spain,3,Quarter,2020,mon.27.78abd,27.7.b,LLS_DEF_0_0_0,15895,kWd,54,Landings,R-Reported,Imported
Spain,1,Quarter,2020,mon.27.78abd,27.7.b,OTB_DEF_70-99_0_0,0,kWd,0,Landings,R-Reported,Imported
Spain,2,Quarter,2020,mon.27.78abd,27.7.b,OTB_DEF_70-99_0_0,19037,kWd,13889.83,Landings,R-Reported,Imported
Spain,1,Quarter,2020,mon.27.78abd,27.7.h,LLS_DEF_0_0_0,31696,kWd,0,Landings,R-Reported,Imported
Spain,2,Quarter,2020,mon.27.78abd,27.7.h,LLS_DEF_0_0_0,12224,kWd,0,Landings,R-Reported,Imported
Spain,3,Quarter,2020,mon.27.78abd,27.7.h,LLS_DEF_0_0_0,193487,kWd,38,Landings,R-Reported,Imported
Spain,4,Quarter,2020,mon.27.78abd,27.7.h,LLS_DEF_0_0_0,38505,kWd,0,Landings,R-Reported,Imported
Spain,1,Quarter,2020,mon.27.78abd,27.7.h,OTB_DEF_70-99_0_0,35334,kWd,11021,Landings,R-Reported,Imported
Spain,2,Quarter,2020,mon.27.78abd,27.7.h,OTB_DEF_70-99_0_0,26639,kWd,7274,Landings,R-Reported,Imported
Spain,1,Quarter,2020,mon.27.78abd,27.7.h,GNS_DEF_120-219_0_0,1747,kWd,97,Landings,R-Reported,Imported
Spain,2,Quarter,2020,mon.27.78abd,27.7.h,GNS_DEF_120-219_0_0,0,kWd,0,Landings,R-Reported,Imported
Spain,3,Quarter,2020,mon.27.78abd,27.7.h,GNS_DEF_120-219_0_0,19116,kWd,2651,Landings,R-Reported,Imported
Spain,4,Quarter,2020,mon.27.78abd,27.7.h,GNS_DEF_120-219_0_0,50514,kWd,2302,Landings,R-Reported,Imported
Spain,1,Quarter,2020,mon.27.78abd,27.8.b,GNS_DEF_60-79_0_0,710,kWd,0.44,Landings,R-Reported,Imported
Spain,2,Quarter,2020,mon.27.78abd,27.8.b,GNS_DEF_60-79_0_0,110,kWd,0.21,Landings,R-Reported,Imported
Spain,3,Quarter,2020,mon.27.78abd,27.8.b,GNS_DEF_60-79_0_0,0,kWd,0,Landings,R-Reported,Imported
Spain,4,Quarter,2020,mon.27.78abd,27.8.b,GNS_DEF_60-79_0_0,2564,kWd,4.75,Landings,R-Reported,Imported
Spain,2,Quarter,2020,mon.27.78abd,27.7.c.2,LLS_DEF_0_0_0,10949,kWd,48,Landings,R-Reported,Imported
Spain,3,Quarter,2020,mon.27.78abd,27.7.c.2,LLS_DEF_0_0_0,228644,kWd,329,Landings,R-Reported,Imported
Spain,4,Quarter,2020,mon.27.78abd,27.7.c.2,LLS_DEF_0_0_0,6718,kWd,10,Landings,R-Reported,Imported
Spain,1,Quarter,2020,mon.27.78abd,27.7.c.2,OTB_DEF_100-119_0_0,0,kWd,0,Landings,R-Reported,Imported
Spain,2,Quarter,2020,mon.27.78abd,27.7.c.2,OTB_DEF_100-119_0_0,73606,kWd,82674,Landings,R-Reported,Imported
Spain,3,Quarter,2020,mon.27.78abd,27.7.c.2,OTB_DEF_100-119_0_0,73792,kWd,52484,Landings,R-Reported,Imported
Spain,4,Quarter,2020,mon.27.78abd,27.7.c.2,OTB_DEF_100-119_0_0,1615,kWd,2788,Landings,R-Reported,Imported
Spain,1,Quarter,2020,mon.27.78abd,27.7.c.2,OTB_DEF_70-99_0_0,23344,kWd,16463,Landings,R-Reported,Imported
Spain,2,Quarter,2020,mon.27.78abd,27.7.c.2,OTB_DEF_70-99_0_0,90582,kWd,37278,Landings,R-Reported,Imported
Spain,1,Quarter,2020,mon.27.78abd,27.7.j.2,LLS_DEF_0_0_0,706520,kWd,16,Landings,R-Reported,Imported
Spain,2,Quarter,2020,mon.27.78abd,27.7.j.2,LLS_DEF_0_0_0,661040,kWd,101,Landings,R-Reported,Imported
Spain,3,Quarter,2020,mon.27.78abd,27.7.j.2,LLS_DEF_0_0_0,265419,kWd,19,Landings,R-Reported,Imported
Spain,4,Quarter,2020,mon.27.78abd,27.7.j.2,LLS_DEF_0_0_0,611727,kWd,9,Landings,R-Reported,Imported
Spain,1,Quarter,2020,mon.27.78abd,27.7.j.2,OTB_DEF_100-119_0_0,65801,kWd,37183,Landings,R-Reported,Imported
Spain,2,Quarter,2020,mon.27.78abd,27.7.j.2,OTB_DEF_100-119_0_0,25712,kWd,36015,Landings,R-Reported,Imported
Spain,3,Quarter,2020,mon.27.78abd,27.7.j.2,OTB_DEF_100-119_0_0,27461,kWd,15724,Landings,R-Reported,Imported
Spain,4,Quarter,2020,mon.27.78abd,27.7.j.2,OTB_DEF_100-119_0_0,88352,kWd,68463,Landings,R-Reported,Imported
Spain,1,Quarter,2020,mon.27.78abd,27.7.j.2,OTB_DEF_70-99_0_0,429476,kWd,198068,Landings,R-Reported,Imported
Spain,1,Quarter,2020,mon.27.78abd,27.7.j.2,OTB_DEF_70-99_0_0,429476,kWd,0,Logbook Registered Discard,R-Reported,Imported
Spain,2,Quarter,2020,mon.27.78abd,27.7.j.2,OTB_DEF_70-99_0_0,322846,kWd,145893.57,Landings,R-Reported,Imported
Spain,1,Quarter,2020,mon.27.78abd,27.7.j.2,GNS_DEF_120-219_0_0,23914,kWd,225,Landings,R-Reported,Imported
Spain,2,Quarter,2020,mon.27.78abd,27.7.j.2,GNS_DEF_120-219_0_0,56617,kWd,701,Landings,R-Reported,Imported
Spain,3,Quarter,2020,mon.27.78abd,27.7.j.2,GNS_DEF_120-219_0_0,60665,kWd,2103,Landings,R-Reported,Imported
Spain,4,Quarter,2020,mon.27.78abd,27.7.j.2,GNS_DEF_120-219_0_0,38060,kWd,694,Landings,R-Reported,Imported
Spain,3,Quarter,2020,mon.27.78abd,27.7.k.2,LLS_DEF_0_0_0,50808,kWd,139,Landings,R-Reported,Imported
Spain,4,Quarter,2020,mon.27.78abd,27.7.k.2,LLS_DEF_0_0_0,139385,kWd,106,Landings,R-Reported,Imported
Spain,1,Quarter,2020,mon.27.78abd,27.7.k.2,OTB_DEF_100-119_0_0,5924,kWd,9790,Landings,R-Reported,Imported
Spain,3,Quarter,2020,mon.27.78abd,27.7.k.2,OTB_DEF_100-119_0_0,11849,kWd,35032,Landings,R-Reported,Imported
Spain,4,Quarter,2020,mon.27.78abd,27.7.k.2,OTB_DEF_100-119_0_0,4847,kWd,5673,Landings,R-Reported,Imported
Spain,2,Quarter,2020,mon.27.78abd,27.7.k.2,OTB_DEF_70-99_0_0,7592,kWd,2855,Landings,R-Reported,Imported
Spain,3,Quarter,2020,mon.27.78abd,27.7.k.2,GNS_DEF_120-219_0_0,9013,kWd,318,Landings,R-Reported,Imported
Spain,4,Quarter,2020,mon.27.78abd,27.7.k.2,GNS_DEF_120-219_0_0,12258,kWd,174,Landings,R-Reported,Imported
UK (England),2,Quarter,2020,mon.27.78abd,27.7.d,TBB_DEF_70-99_0_0_all,-9,NA,1456,Landings,"A-All - reported, nonre",Imported
UK (England),3,Quarter,2020,mon.27.78abd,27.7.d,TBB_DEF_70-99_0_0_all,-9,NA,2366,Landings,"A-All - reported, nonre",Imported
UK (England),2,Quarter,2020,mon.27.78abd,27.7.d,GNS_DEF_all_0_0_all,-9,NA,69,Landings,"A-All - reported, nonre",Imported
UK (England),1,Quarter,2020,mon.27.78abd,27.7.d,GTR_DEF_all_0_0_all,-9,NA,3,Landings,"A-All - reported, nonre",Imported
UK (England),3,Quarter,2020,mon.27.78abd,27.7.d,GTR_DEF_all_0_0_all,-9,NA,1,Landings,"A-All - reported, nonre",Imported
UK (England),4,Quarter,2020,mon.27.78abd,27.7.d,GTR_DEF_all_0_0_all,-9,NA,56,Landings,"A-All - reported, nonre",Imported
UK (England),1,Quarter,2020,mon.27.78abd,27.7.d,OTB_DEF_70-99_0_0_all,-9,NA,317,Landings,"A-All - reported, nonre",Imported
UK (England),4,Quarter,2020,mon.27.78abd,27.7.d,OTB_DEF_70-99_0_0_all,-9,NA,321,Landings,"A-All - reported, nonre",Imported
UK (England),4,Quarter,2020,mon.27.78abd,27.7.d,OTB_DEF_70-99_0_0_all,-9,NA,13,BMS landing,"A-All - reported, nonre",Imported
UK (England),1,Quarter,2020,mon.27.78abd,27.7.d,SSC_DEF_All_0_0_All,-9,NA,363,Landings,"A-All - reported, nonre",Imported
UK (England),4,Quarter,2020,mon.27.78abd,27.7.d,SSC_DEF_All_0_0_All,-9,NA,597,Landings,"A-All - reported, nonre",Imported
UK (England),1,Quarter,2020,mon.27.78abd,27.7.d,TBB_DEF_70-99_0_0_all,-9,NA,775,Landings,"A-All - reported, nonre",Imported
UK (England),3,Quarter,2020,mon.27.78abd,27.7.d,GNS_DEF_all_0_0_all,-9,NA,116,Landings,"A-All - reported, nonre",Imported
UK (England),2,Quarter,2020,mon.27.78abd,27.7.d,GTR_DEF_all_0_0_all,-9,NA,18,Landings,"A-All - reported, nonre",Imported
UK (England),2,Quarter,2020,mon.27.78abd,27.7.d,OTB_DEF_70-99_0_0_all,-9,NA,366,Landings,"A-All - reported, nonre",Imported
UK (England),1,Quarter,2020,mon.27.78abd,27.7.d,SDN_all_0_0_all,-9,NA,76,Landings,"A-All - reported, nonre",Imported
UK (England),4,Quarter,2020,mon.27.78abd,27.7.d,TBB_DEF_70-99_0_0_all,-9,NA,52,Landings,"A-All - reported, nonre",Imported
UK (England),1,Quarter,2020,mon.27.78abd,27.7.d,GNS_DEF_all_0_0_all,-9,NA,28,Landings,"A-All - reported, nonre",Imported
UK (England),4,Quarter,2020,mon.27.78abd,27.7.d,GNS_DEF_all_0_0_all,-9,NA,80,Landings,"A-All - reported, nonre",Imported
UK (England),3,Quarter,2020,mon.27.78abd,27.7.d,OTB_DEF_70-99_0_0_all,-9,NA,787,Landings,"A-All - reported, nonre",Imported
UK (England),2,Quarter,2020,mon.27.78abd,27.7.d,SSC_DEF_All_0_0_All,-9,NA,54,Landings,"A-All - reported, nonre",Imported
Ireland,1,Quarter,2020,mon.27.78abd,27.7.j,OTB_DEF_100-119_0_0_all,-9,NA,148544,Landings,R-Reported,Imported
Ireland,1,Quarter,2020,mon.27.78abd,27.7.j,OTB_DEF_100-119_0_0_all,-9,NA,484.89,Discards,R-Reported,Imported
France,4,Quarter,2020,mon.27.78abd,27.8.a,OTB_DEF_>=70_0_0,1007285,kWd,79840.56,Landings,R-Reported,Imported
France,4,Quarter,2020,mon.27.78abd,27.8.a,OTB_DEF_>=70_0_0,1007285,kWd,268421.01,Discards,R-Reported,Imported
France,2,Quarter,2020,mon.27.78abd,27.8.a,GTR_DEF_100-119_0_0_all,478729,kWd,118053.87,Landings,R-Reported,Imported
France,2,Quarter,2020,mon.27.78abd,27.8.a,GTR_DEF_100-119_0_0_all,478729,kWd,196806.38,Discards,R-Reported,Imported
France,4,Quarter,2020,mon.27.78abd,27.8.a,GTR_DEF_100-119_0_0_all,416642,kWd,12646.25,Landings,R-Reported,Imported
France,4,Quarter,2020,mon.27.78abd,27.8.a,GTR_DEF_100-119_0_0_all,416642,kWd,4489.76,Discards,R-Reported,Imported
France,3,Quarter,2020,mon.27.78abd,27.8.b,GNS_DEF_all_0_0_all,307691,kWd,1.54,Landings,R-Reported,Imported
France,3,Quarter,2020,mon.27.78abd,27.8.b,GNS_DEF_all_0_0_all,307691,kWd,0,Discards,R-Reported,Imported
France,1,Quarter,2020,mon.27.78abd,27.8.a,OTT_DEF_>=70_0_0,709366,kWd,124999.31,Landings,R-Reported,Imported
France,4,Quarter,2020,mon.27.78abd,27.7.e,OTB_DEF_70-99_0_0,563031,kWd,111690.64,Landings,R-Reported,Imported
France,4,Quarter,2020,mon.27.78abd,27.7.e,OTB_DEF_70-99_0_0,563031,kWd,0,Discards,R-Reported,Imported
France,3,Quarter,2020,mon.27.78abd,27.8.a,GTR_DEF_100-119_0_0_all,437182,kWd,98892.03,Landings,R-Reported,Imported
France,3,Quarter,2020,mon.27.78abd,27.8.a,GTR_DEF_100-119_0_0_all,437182,kWd,5358.39,Discards,R-Reported,Imported
France,2,Quarter,2020,mon.27.78abd,27.8.d,OTT_DEF_>=70_0_0,20953,kWd,15817.46,Landings,R-Reported,Imported
France,1,Quarter,2020,mon.27.78abd,27.7.e,MIS_MIS_0_0_0,1808249,kWd,3576.85,Landings,R-Reported,Imported
France,2,Quarter,2020,mon.27.78abd,27.7.e,OTB_DEF_100-119_0_0,251096,kWd,77016.65,Landings,R-Reported,Imported
France,4,Quarter,2020,mon.27.78abd,27.7.e,GTR_DEF_100-119_0_0_all,15187,kWd,101,Landings,R-Reported,Imported
France,2,Quarter,2020,mon.27.78abd,27.7.e,MIS_MIS_0_0_0,2370629,kWd,18409,Landings,R-Reported,Imported
France,3,Quarter,2020,mon.27.78abd,27.7.e,OTB_DEF_100-119_0_0,363613,kWd,118298.39,Landings,R-Reported,Imported
France,2,Quarter,2020,mon.27.78abd,27.7.e,OTB_DEF_70-99_0_0,631083,kWd,60349.75,Landings,R-Reported,Imported
France,4,Quarter,2020,mon.27.78abd,27.7.h,GNS_DEF_120-219_0_0_all,5857,kWd,226.12,Landings,R-Reported,Imported
France,1,Quarter,2020,mon.27.78abd,27.7.h,MIS_MIS_0_0_0,158575,kWd,1605.85,Landings,R-Reported,Imported
France,1,Quarter,2020,mon.27.78abd,27.7.j,GNS_DEF_100-119_0_0_all,209237,kWd,1993.84,Landings,R-Reported,Imported
France,4,Quarter,2020,mon.27.78abd,27.7.j,GNS_DEF_100-119_0_0_all,218836,kWd,8243.57,Landings,R-Reported,Imported
France,1,Quarter,2020,mon.27.78abd,27.8.a,GNS_DEF_100-119_0_0_all,784402,kWd,75643.29,Landings,R-Reported,Imported
France,1,Quarter,2020,mon.27.78abd,27.8.a,GNS_DEF_100-119_0_0_all,784402,kWd,2043.16,Discards,R-Reported,Imported
France,1,Quarter,2020,mon.27.78abd,27.8.a,GNS_DEF_all_0_0_all,919653,kWd,1159.41,Landings,R-Reported,Imported
France,2,Quarter,2020,mon.27.78abd,27.8.a,OTB_DEF_>=70_0_0,510787,kWd,31008.57,Landings,R-Reported,Imported
France,4,Quarter,2020,mon.27.78abd,27.8.a,OTT_DEF_>=70_0_0,626553,kWd,112198.98,Landings,R-Reported,Imported
France,1,Quarter,2020,mon.27.78abd,27.8.b,OTB_DEF_>=70_0_0,330149,kWd,11716.52,Landings,R-Reported,Imported
France,2,Quarter,2020,mon.27.78abd,27.8.b,GTR_DEF_100-119_0_0_all,466342,kWd,21143.88,Landings,R-Reported,Imported
France,1,Quarter,2020,mon.27.78abd,27.8.d,OTT_DEF_>=70_0_0,34529,kWd,21240.1,Landings,R-Reported,Imported
France,3,Quarter,2020,mon.27.78abd,27.7.e,GNS_DEF_120-219_0_0_all,15486,kWd,15471.9,Landings,R-Reported,Imported
France,4,Quarter,2020,mon.27.78abd,27.7.e,GNS_DEF_all_0_0_all,37355,kWd,692.23,Landings,R-Reported,Imported
France,3,Quarter,2020,mon.27.78abd,27.7.e,MIS_MIS_0_0_0,2189379,kWd,28793.79,Landings,R-Reported,Imported
France,1,Quarter,2020,mon.27.78abd,27.7.e,OTB_DEF_100-119_0_0,188436,kWd,45126.81,Landings,R-Reported,Imported
France,4,Quarter,2020,mon.27.78abd,27.7.e,OTB_DEF_100-119_0_0,420461,kWd,132629.52,Landings,R-Reported,Imported
France,3,Quarter,2020,mon.27.78abd,27.7.e,OTB_DEF_70-99_0_0,1381010,kWd,289981.35,Landings,R-Reported,Imported
France,3,Quarter,2020,mon.27.78abd,27.7.h,GNS_DEF_100-119_0_0_all,49407,kWd,2168.92,Landings,R-Reported,Imported
France,2,Quarter,2020,mon.27.78abd,27.7.h,OTB_DEF_70-99_0_0,159161,kWd,22351.25,Landings,R-Reported,Imported
France,2,Quarter,2020,mon.27.78abd,27.8.a,GNS_DEF_all_0_0_all,660854,kWd,664.58,Landings,R-Reported,Imported
France,2,Quarter,2020,mon.27.78abd,27.8.a,OTT_DEF_>=70_0_0,319412,kWd,64568.86,Landings,R-Reported,Imported
France,4,Quarter,2020,mon.27.78abd,27.7.e,GNS_DEF_120-219_0_0_all,17831,kWd,3942.89,Landings,R-Reported,Imported
France,4,Quarter,2020,mon.27.78abd,27.7.e,MIS_MIS_0_0_0,2457743,kWd,2390.21,Landings,R-Reported,Imported
France,4,Quarter,2020,mon.27.78abd,27.7.b,GNS_DEF_100-119_0_0_all,761,kWd,21.77,Landings,R-Reported,Imported
France,1,Quarter,2020,mon.27.78abd,27.7.h,GNS_DEF_100-119_0_0_all,44090,kWd,2516.97,Landings,R-Reported,Imported
France,4,Quarter,2020,mon.27.78abd,27.7.h,GNS_DEF_100-119_0_0_all,61529,kWd,1878.89,Landings,R-Reported,Imported
France,3,Quarter,2020,mon.27.78abd,27.7.j,GNS_DEF_100-119_0_0_all,279772,kWd,8746.3,Landings,R-Reported,Imported
France,3,Quarter,2020,mon.27.78abd,27.8.a,GNS_DEF_all_0_0_all,752975,kWd,441.77,Landings,R-Reported,Imported
UK (England),2,Quarter,2020,mon.27.78abd,27.7.e,MIS_MIS_0_0_0_HC,-9,NA,20522,Landings,"A-All - reported, nonre",Imported
UK (England),1,Quarter,2020,mon.27.78abd,27.7.e,MIS_MIS_0_0_0_HC,-9,NA,11398,Landings,"A-All - reported, nonre",Imported
UK (England),1,Quarter,2020,mon.27.78abd,27.7.e,MIS_MIS_0_0_0_HC,-9,NA,0,Discards,"A-All - reported, nonre",Imported
Ireland,2,Quarter,2020,mon.27.78abd,27.7.g,OTB_CRU_70-99_0_0_all,-9,NA,11168,Landings,R-Reported,Imported
Ireland,2,Quarter,2020,mon.27.78abd,27.7.g,OTB_CRU_70-99_0_0_all,-9,NA,55.98,Discards,R-Reported,Imported
Ireland,3,Quarter,2020,mon.27.78abd,27.7.g,OTB_DEF_70-99_0_0_all,-9,NA,12893,Landings,R-Reported,Imported
Ireland,3,Quarter,2020,mon.27.78abd,27.7.g,OTB_DEF_70-99_0_0_all,-9,NA,10.56,Discards,R-Reported,Imported
Ireland,1,Quarter,2020,mon.27.78abd,27.7.g,OTB_DEF_100-119_0_0_all,-9,NA,105132,Landings,R-Reported,Imported
Ireland,1,Quarter,2020,mon.27.78abd,27.7.g,OTB_DEF_100-119_0_0_all,-9,NA,86.06,Discards,R-Reported,Imported
Ireland,4,Quarter,2020,mon.27.78abd,27.7.g,OTB_DEF_100-119_0_0_all,-9,NA,88085,Landings,R-Reported,Imported
Ireland,4,Quarter,2020,mon.27.78abd,27.7.g,OTB_DEF_100-119_0_0_all,-9,NA,72.11,Discards,R-Reported,Imported
Ireland,2,Quarter,2020,mon.27.78abd,27.7.g,OTB_CRU_100-119_0_0_all,-9,NA,10387,Landings,R-Reported,Imported
Ireland,2,Quarter,2020,mon.27.78abd,27.7.g,OTB_CRU_100-119_0_0_all,-9,NA,52.07,Discards,R-Reported,Imported
Ireland,1,Quarter,2020,mon.27.78abd,27.7.j,OTB_DEF_70-99_0_0_all,-9,NA,43272,Landings,R-Reported,Imported
Ireland,1,Quarter,2020,mon.27.78abd,27.7.j,OTB_DEF_70-99_0_0_all,-9,NA,141.25,Discards,R-Reported,Imported
Ireland,4,Quarter,2020,mon.27.78abd,27.7.j,OTB_DEF_70-99_0_0_all,-9,NA,44903,Landings,R-Reported,Imported
Ireland,4,Quarter,2020,mon.27.78abd,27.7.j,OTB_DEF_70-99_0_0_all,-9,NA,146.58,Discards,R-Reported,Imported
Ireland,2,Quarter,2020,mon.27.78abd,27.7.j,OTB_DEF_100-119_0_0_all,-9,NA,198992,Landings,R-Reported,Imported
Ireland,2,Quarter,2020,mon.27.78abd,27.7.j,OTB_DEF_100-119_0_0_all,-9,NA,649.56,Discards,R-Reported,Imported
Ireland,3,Quarter,2020,mon.27.78abd,27.7.g,OTB_CRU_70-99_0_0_all,-9,NA,11258,Landings,R-Reported,Imported
Ireland,3,Quarter,2020,mon.27.78abd,27.7.g,OTB_CRU_70-99_0_0_all,-9,NA,56.43,Discards,R-Reported,Imported
Ireland,1,Quarter,2020,mon.27.78abd,27.7.g,OTB_DEF_70-99_0_0_all,-9,NA,17657,Landings,R-Reported,Imported
Ireland,1,Quarter,2020,mon.27.78abd,27.7.g,OTB_DEF_70-99_0_0_all,-9,NA,14.46,Discards,R-Reported,Imported
Ireland,4,Quarter,2020,mon.27.78abd,27.7.g,OTB_DEF_70-99_0_0_all,-9,NA,4319,Landings,R-Reported,Imported
Ireland,4,Quarter,2020,mon.27.78abd,27.7.g,OTB_DEF_70-99_0_0_all,-9,NA,3.54,Discards,R-Reported,Imported
Ireland,3,Quarter,2020,mon.27.78abd,27.7.g,OTB_CRU_100-119_0_0_all,-9,NA,4291,Landings,R-Reported,Imported
Ireland,3,Quarter,2020,mon.27.78abd,27.7.g,OTB_CRU_100-119_0_0_all,-9,NA,21.51,Discards,R-Reported,Imported
Ireland,2,Quarter,2020,mon.27.78abd,27.7.j,OTB_DEF_70-99_0_0_all,-9,NA,42694,Landings,R-Reported,Imported
Ireland,2,Quarter,2020,mon.27.78abd,27.7.j,OTB_DEF_70-99_0_0_all,-9,NA,139.36,Discards,R-Reported,Imported
Ireland,3,Quarter,2020,mon.27.78abd,27.7.j,OTB_DEF_100-119_0_0_all,-9,NA,206137,Landings,R-Reported,Imported
Ireland,3,Quarter,2020,mon.27.78abd,27.7.j,OTB_DEF_100-119_0_0_all,-9,NA,672.88,Discards,R-Reported,Imported
Ireland,4,Quarter,2020,mon.27.78abd,27.7.j,OTB_CRU_100-119_0_0_all,-9,NA,18923,Landings,R-Reported,Imported
Ireland,4,Quarter,2020,mon.27.78abd,27.7.j,OTB_CRU_100-119_0_0_all,-9,NA,6.27,Discards,R-Reported,Imported
Ireland,1,Quarter,2020,mon.27.78abd,27.7.g,OTB_CRU_70-99_0_0_all,-9,NA,12229,Landings,R-Reported,Imported
Ireland,1,Quarter,2020,mon.27.78abd,27.7.g,OTB_CRU_70-99_0_0_all,-9,NA,61.3,Discards,R-Reported,Imported
Ireland,4,Quarter,2020,mon.27.78abd,27.7.g,OTB_CRU_70-99_0_0_all,-9,NA,8544,Landings,R-Reported,Imported
Ireland,4,Quarter,2020,mon.27.78abd,27.7.g,OTB_CRU_70-99_0_0_all,-9,NA,42.83,Discards,R-Reported,Imported
Ireland,2,Quarter,2020,mon.27.78abd,27.7.g,OTB_DEF_100-119_0_0_all,-9,NA,125115,Landings,R-Reported,Imported
Ireland,2,Quarter,2020,mon.27.78abd,27.7.g,OTB_DEF_100-119_0_0_all,-9,NA,102.42,Discards,R-Reported,Imported
Ireland,1,Quarter,2020,mon.27.78abd,27.7.g,OTB_CRU_100-119_0_0_all,-9,NA,4774,Landings,R-Reported,Imported
Ireland,1,Quarter,2020,mon.27.78abd,27.7.g,OTB_CRU_100-119_0_0_all,-9,NA,23.93,Discards,R-Reported,Imported
Ireland,4,Quarter,2020,mon.27.78abd,27.7.g,OTB_CRU_100-119_0_0_all,-9,NA,5097,Landings,R-Reported,Imported
Ireland,4,Quarter,2020,mon.27.78abd,27.7.g,OTB_CRU_100-119_0_0_all,-9,NA,25.55,Discards,R-Reported,Imported
Ireland,2,Quarter,2020,mon.27.78abd,27.7.j,OTB_CRU_70-99_0_0_all,-9,NA,52809,Landings,R-Reported,Imported
Ireland,2,Quarter,2020,mon.27.78abd,27.7.j,OTB_CRU_70-99_0_0_all,-9,NA,17.5,Discards,R-Reported,Imported
Ireland,3,Quarter,2020,mon.27.78abd,27.7.j,OTB_DEF_70-99_0_0_all,-9,NA,53855,Landings,R-Reported,Imported
Ireland,3,Quarter,2020,mon.27.78abd,27.7.j,OTB_DEF_70-99_0_0_all,-9,NA,175.8,Discards,R-Reported,Imported
Ireland,2,Quarter,2020,mon.27.78abd,27.7.j,OTB_CRU_100-119_0_0_all,-9,NA,38162,Landings,R-Reported,Imported
Ireland,2,Quarter,2020,mon.27.78abd,27.7.j,OTB_CRU_100-119_0_0_all,-9,NA,12.64,Discards,R-Reported,Imported
Ireland,2,Quarter,2020,mon.27.78abd,27.7.g,OTB_DEF_70-99_0_0_all,-9,NA,16334,Landings,R-Reported,Imported
Ireland,2,Quarter,2020,mon.27.78abd,27.7.g,OTB_DEF_70-99_0_0_all,-9,NA,13.37,Discards,R-Reported,Imported
Ireland,3,Quarter,2020,mon.27.78abd,27.7.g,OTB_DEF_100-119_0_0_all,-9,NA,124133,Landings,R-Reported,Imported
Ireland,3,Quarter,2020,mon.27.78abd,27.7.g,OTB_DEF_100-119_0_0_all,-9,NA,101.62,Discards,R-Reported,Imported
Ireland,3,Quarter,2020,mon.27.78abd,27.7.j,OTB_CRU_70-99_0_0_all,-9,NA,7143,Landings,R-Reported,Imported
Ireland,3,Quarter,2020,mon.27.78abd,27.7.j,OTB_CRU_70-99_0_0_all,-9,NA,2.37,Discards,R-Reported,Imported
Ireland,4,Quarter,2020,mon.27.78abd,27.7.j,OTB_DEF_100-119_0_0_all,-9,NA,113848,Landings,R-Reported,Imported
Ireland,4,Quarter,2020,mon.27.78abd,27.7.j,OTB_DEF_100-119_0_0_all,-9,NA,371.63,Discards,R-Reported,Imported
Ireland,3,Quarter,2020,mon.27.78abd,27.7.j,OTB_CRU_100-119_0_0_all,-9,NA,11079,Landings,R-Reported,Imported
Ireland,3,Quarter,2020,mon.27.78abd,27.7.j,OTB_CRU_100-119_0_0_all,-9,NA,3.67,Discards,R-Reported,Imported
Ireland,1,Quarter,2020,mon.27.78abd,27.7.g,MIS_MIS_0_0_0_HC,-9,NA,74,Landings,R-Reported,Imported
Ireland,4,Quarter,2020,mon.27.78abd,27.7.g,MIS_MIS_0_0_0_HC,-9,NA,107,Landings,R-Reported,Imported
Ireland,3,Quarter,2020,mon.27.78abd,27.7.g,TBB_DEF_70-99_0_0_all,-9,NA,82237,Landings,R-Reported,Imported
Ireland,3,Quarter,2020,mon.27.78abd,27.7.g,GNS_DEF_120-219_0_0_all,-9,NA,13553,Landings,R-Reported,Imported
Ireland,3,Quarter,2020,mon.27.78abd,27.7.g,GNS_DEF_120-219_0_0_all,-9,NA,0,Discards,R-Reported,Imported
Ireland,1,Quarter,2020,mon.27.78abd,27.7.g,SSC_DEF_100-119_0_0_all,-9,NA,6400,Landings,R-Reported,Imported
Ireland,1,Quarter,2020,mon.27.78abd,27.7.g,SSC_DEF_100-119_0_0_all,-9,NA,3.68,Discards,R-Reported,Imported
Ireland,4,Quarter,2020,mon.27.78abd,27.7.g,SSC_DEF_100-119_0_0_all,-9,NA,6683,Landings,R-Reported,Imported
Ireland,4,Quarter,2020,mon.27.78abd,27.7.g,SSC_DEF_100-119_0_0_all,-9,NA,3.85,Discards,R-Reported,Imported
Ireland,2,Quarter,2020,mon.27.78abd,27.7.g,TBB_DEF_70-99_0_0_all,-9,NA,93353,Landings,R-Reported,Imported
Ireland,2,Quarter,2020,mon.27.78abd,27.7.g,GNS_DEF_120-219_0_0_all,-9,NA,13031,Landings,R-Reported,Imported
Ireland,2,Quarter,2020,mon.27.78abd,27.7.g,GNS_DEF_120-219_0_0_all,-9,NA,0,Discards,R-Reported,Imported
Ireland,3,Quarter,2020,mon.27.78abd,27.7.g,SSC_DEF_100-119_0_0_all,-9,NA,14934,Landings,R-Reported,Imported
Ireland,3,Quarter,2020,mon.27.78abd,27.7.g,SSC_DEF_100-119_0_0_all,-9,NA,8.59,Discards,R-Reported,Imported
Ireland,3,Quarter,2020,mon.27.78abd,27.7.g,MIS_MIS_0_0_0_HC,-9,NA,488,Landings,R-Reported,Imported
Ireland,1,Quarter,2020,mon.27.78abd,27.7.g,TBB_DEF_70-99_0_0_all,-9,NA,70527,Landings,R-Reported,Imported
Ireland,4,Quarter,2020,mon.27.78abd,27.7.g,TBB_DEF_70-99_0_0_all,-9,NA,97563,Landings,R-Reported,Imported
Ireland,2,Quarter,2020,mon.27.78abd,27.7.g,MIS_MIS_0_0_0_HC,-9,NA,172,Landings,R-Reported,Imported
Ireland,1,Quarter,2020,mon.27.78abd,27.7.g,GNS_DEF_120-219_0_0_all,-9,NA,3665,Landings,R-Reported,Imported
Ireland,1,Quarter,2020,mon.27.78abd,27.7.g,GNS_DEF_120-219_0_0_all,-9,NA,0,Discards,R-Reported,Imported
Ireland,4,Quarter,2020,mon.27.78abd,27.7.g,GNS_DEF_120-219_0_0_all,-9,NA,2018,Landings,R-Reported,Imported
Ireland,4,Quarter,2020,mon.27.78abd,27.7.g,GNS_DEF_120-219_0_0_all,-9,NA,0,Discards,R-Reported,Imported
Ireland,2,Quarter,2020,mon.27.78abd,27.7.g,SSC_DEF_100-119_0_0_all,-9,NA,16285,Landings,R-Reported,Imported
Ireland,2,Quarter,2020,mon.27.78abd,27.7.g,SSC_DEF_100-119_0_0_all,-9,NA,9.37,Discards,R-Reported,Imported
France,3,Quarter,2020,mon.27.78abd,27.7.e,GTR_DEF_>=220_0_0_all,204282,kWd,389592.49,Landings,R-Reported,Imported
France,4,Quarter,2020,mon.27.78abd,27.8.b,GNS_DEF_100-119_0_0_all,295962,kWd,855.39,Landings,R-Reported,Imported
France,4,Quarter,2020,mon.27.78abd,27.8.b,GNS_DEF_100-119_0_0_all,295962,kWd,0,Discards,R-Reported,Imported
France,2,Quarter,2020,mon.27.78abd,27.7.e,GNS_DEF_100-119_0_0_all,17087,kWd,173.79,Landings,R-Reported,Imported
France,1,Quarter,2020,mon.27.78abd,27.7.e,GNS_DEF_120-219_0_0_all,15510,kWd,8857.69,Landings,R-Reported,Imported
France,2,Quarter,2020,mon.27.78abd,27.7.e,GTR_DEF_>=220_0_0_all,137098,kWd,117389.38,Landings,R-Reported,Imported
France,3,Quarter,2020,mon.27.78abd,27.7.e,OTT_DEF_100-119_0_0,6138,kWd,2575.36,Landings,R-Reported,Imported
France,1,Quarter,2020,mon.27.78abd,27.7.e,OTB_DEF_70-99_0_0,805608,kWd,149711.35,Landings,R-Reported,Imported
France,1,Quarter,2020,mon.27.78abd,27.7.e,OTB_DEF_70-99_0_0,805608,kWd,6218.69,Discards,R-Reported,Imported
France,1,Quarter,2020,mon.27.78abd,27.7.f,OTB_DEF_100-119_0_0,112258,kWd,18589.94,Landings,R-Reported,Imported
France,3,Quarter,2020,mon.27.78abd,27.7.b,GNS_DEF_120-219_0_0_all,43354,kWd,1442.48,Landings,R-Reported,Imported
France,1,Quarter,2020,mon.27.78abd,27.7.b,OTB_DEF_100-119_0_0,58557,kWd,77418.93,Landings,R-Reported,Imported
France,4,Quarter,2020,mon.27.78abd,27.7.b,OTB_DEF_100-119_0_0,109095,kWd,141670.94,Landings,R-Reported,Imported
France,3,Quarter,2020,mon.27.78abd,27.7.b,OTB_DEF_70-99_0_0,38430,kWd,48868.94,Landings,R-Reported,Imported
France,3,Quarter,2020,mon.27.78abd,27.7.c,GNS_DEF_100-119_0_0_all,40888,kWd,465.67,Landings,R-Reported,Imported
France,2,Quarter,2020,mon.27.78abd,27.7.c,GNS_DEF_120-219_0_0_all,62289,kWd,479.16,Landings,R-Reported,Imported
France,4,Quarter,2020,mon.27.78abd,27.7.c,OTB_CRU_100-119_0_0_all,1508,kWd,977.14,Landings,R-Reported,Imported
France,4,Quarter,2020,mon.27.78abd,27.7.c,OTT_DEF_100-119_0_0,12956,kWd,15840.56,Landings,R-Reported,Imported
France,3,Quarter,2020,mon.27.78abd,27.7.c,OTB_DEF_100-119_0_0,95571,kWd,92474.61,Landings,R-Reported,Imported
France,2,Quarter,2020,mon.27.78abd,27.7.c,OTB_DEF_70-99_0_0,72715,kWd,74852.95,Landings,R-Reported,Imported
France,3,Quarter,2020,mon.27.78abd,27.7.g,OTT_DEF_100-119_0_0,102661,kWd,22036.69,Landings,R-Reported,Imported
France,2,Quarter,2020,mon.27.78abd,27.7.g,OTB_DEF_100-119_0_0,60494,kWd,6783.84,Landings,R-Reported,Imported
France,1,Quarter,2020,mon.27.78abd,27.7.g,OTB_DEF_70-99_0_0,4034,kWd,2308.68,Landings,R-Reported,Imported
France,3,Quarter,2020,mon.27.78abd,27.7.h,GNS_DEF_120-219_0_0_all,9032,kWd,4593.92,Landings,R-Reported,Imported
France,3,Quarter,2020,mon.27.78abd,27.7.h,GTR_DEF_>=220_0_0_all,103779,kWd,146824.23,Landings,R-Reported,Imported
France,3,Quarter,2020,mon.27.78abd,27.7.h,OTT_CRU_100-119_0_0,1034,kWd,266.84,Landings,R-Reported,Imported
France,3,Quarter,2020,mon.27.78abd,27.7.h,OTT_DEF_70-99_0_0,29,kWd,20.84,Landings,R-Reported,Imported
France,4,Quarter,2020,mon.27.78abd,27.7.h,OTB_DEF_100-119_0_0,479397,kWd,179594.2,Landings,R-Reported,Imported
France,3,Quarter,2020,mon.27.78abd,27.7.h,OTB_DEF_70-99_0_0,107652,kWd,36975.14,Landings,R-Reported,Imported
France,2,Quarter,2020,mon.27.78abd,27.7.j,GNS_DEF_120-219_0_0_all,595796,kWd,25736.87,Landings,R-Reported,Imported
France,2,Quarter,2020,mon.27.78abd,27.7.j,OTB_DEF_70-99_0_0,224380,kWd,286018.77,Landings,R-Reported,Imported
France,2,Quarter,2020,mon.27.78abd,27.7.k,GNS_DEF_100-119_0_0_all,152,kWd,7.25,Landings,R-Reported,Imported
France,3,Quarter,2020,mon.27.78abd,27.7.k,OTT_DEF_100-119_0_0,18203,kWd,30748.3,Landings,R-Reported,Imported
France,2,Quarter,2020,mon.27.78abd,27.7.k,OTB_DEF_100-119_0_0,17698,kWd,16386.62,Landings,R-Reported,Imported
France,4,Quarter,2020,mon.27.78abd,27.7.k,OTB_DEF_70-99_0_0,3472,kWd,1972.56,Landings,R-Reported,Imported
France,2,Quarter,2020,mon.27.78abd,27.8.b,OTB_DEF_>=70_0_0,228502,kWd,19785.18,Landings,R-Reported,Imported
France,3,Quarter,2020,mon.27.78abd,27.8.d,OTT_DEF_>=70_0_0,18908,kWd,13190.11,Landings,R-Reported,Imported
France,3,Quarter,2020,mon.27.78abd,27.7.e,GNS_DEF_100-119_0_0_all,24722,kWd,6.19,Landings,R-Reported,Imported
France,4,Quarter,2020,mon.27.78abd,27.7.h,GTR_DEF_>=220_0_0_all,73421,kWd,104606.74,Landings,R-Reported,Imported
France,3,Quarter,2020,mon.27.78abd,27.7.j,OTB_DEF_70-99_0_0,158348,kWd,149301.94,Landings,R-Reported,Imported
France,1,Quarter,2020,mon.27.78abd,27.7.e,GTR_DEF_>=220_0_0_all,71729,kWd,232027.4,Landings,R-Reported,Imported
France,4,Quarter,2020,mon.27.78abd,27.7.e,GTR_DEF_>=220_0_0_all,66215,kWd,72676.7,Landings,R-Reported,Imported
France,2,Quarter,2020,mon.27.78abd,27.7.e,OTT_DEF_100-119_0_0,3233,kWd,2155.53,Landings,R-Reported,Imported
France,1,Quarter,2020,mon.27.78abd,27.7.f,OTT_DEF_100-119_0_0,2223,kWd,1007.25,Landings,R-Reported,Imported
France,4,Quarter,2020,mon.27.78abd,27.7.f,OTB_DEF_100-119_0_0,113967,kWd,23532.78,Landings,R-Reported,Imported
France,3,Quarter,2020,mon.27.78abd,27.7.f,OTB_DEF_70-99_0_0,1545,kWd,244.75,Landings,R-Reported,Imported
France,3,Quarter,2020,mon.27.78abd,27.7.b,GNS_DEF_100-119_0_0_all,53236,kWd,1407.92,Landings,R-Reported,Imported
France,2,Quarter,2020,mon.27.78abd,27.7.b,GNS_DEF_120-219_0_0_all,13699,kWd,591.16,Landings,R-Reported,Imported
France,1,Quarter,2020,mon.27.78abd,27.7.b,OTT_DEF_100-119_0_0,1263,kWd,2163.32,Landings,R-Reported,Imported
France,3,Quarter,2020,mon.27.78abd,27.7.b,OTB_DEF_100-119_0_0,109899,kWd,125935.54,Landings,R-Reported,Imported
France,2,Quarter,2020,mon.27.78abd,27.7.b,OTB_DEF_70-99_0_0,24147,kWd,43011.56,Landings,R-Reported,Imported
France,2,Quarter,2020,mon.27.78abd,27.7.c,GNS_DEF_100-119_0_0_all,603,kWd,17.66,Landings,R-Reported,Imported
France,3,Quarter,2020,mon.27.78abd,27.7.c,OTT_DEF_100-119_0_0,37677,kWd,66464.99,Landings,R-Reported,Imported
France,2,Quarter,2020,mon.27.78abd,27.7.c,OTB_DEF_100-119_0_0,69586,kWd,65623.03,Landings,R-Reported,Imported
France,1,Quarter,2020,mon.27.78abd,27.7.c,OTB_DEF_70-99_0_0,23259,kWd,14863.44,Landings,R-Reported,Imported
France,4,Quarter,2020,mon.27.78abd,27.7.c,OTB_DEF_70-99_0_0,75300,kWd,67359.48,Landings,R-Reported,Imported
France,3,Quarter,2020,mon.27.78abd,27.7.g,OTT_CRU_100-119_0_0,4503,kWd,427.26,Landings,R-Reported,Imported
France,2,Quarter,2020,mon.27.78abd,27.7.g,OTT_DEF_100-119_0_0,44505,kWd,9902.96,Landings,R-Reported,Imported
France,3,Quarter,2020,mon.27.78abd,27.7.g,OTB_DEF_70-99_0_0,96,kWd,9.84,Landings,R-Reported,Imported
France,2,Quarter,2020,mon.27.78abd,27.7.h,GNS_DEF_120-219_0_0_all,11998,kWd,2059.4,Landings,R-Reported,Imported
France,2,Quarter,2020,mon.27.78abd,27.7.h,OTT_CRU_100-119_0_0,1610,kWd,402.9,Landings,R-Reported,Imported
France,2,Quarter,2020,mon.27.78abd,27.7.j,GNS_DEF_100-119_0_0_all,112304,kWd,4446.91,Landings,R-Reported,Imported
France,2,Quarter,2020,mon.27.78abd,27.7.j,OTB_DEF_100-119_0_0,246350,kWd,337799.81,Landings,R-Reported,Imported
France,1,Quarter,2020,mon.27.78abd,27.7.j,OTB_DEF_70-99_0_0,128966,kWd,156738.74,Landings,R-Reported,Imported
France,2,Quarter,2020,mon.27.78abd,27.7.k,OTT_DEF_100-119_0_0,1480,kWd,3089.44,Landings,R-Reported,Imported
France,1,Quarter,2020,mon.27.78abd,27.7.k,OTB_DEF_100-119_0_0,6631,kWd,4331.77,Landings,R-Reported,Imported
France,1,Quarter,2020,mon.27.78abd,27.8.b,OTT_DEF_>=70_0_0,33413,kWd,3368.41,Landings,R-Reported,Imported
France,4,Quarter,2020,mon.27.78abd,27.8.b,OTT_DEF_>=70_0_0,27100,kWd,3220.86,Landings,R-Reported,Imported
France,1,Quarter,2020,mon.27.78abd,27.7.d,GNS_DEF_120-219_0_0_all,3918,kWd,0,Landings,R-Reported,Imported
France,4,Quarter,2020,mon.27.78abd,27.7.e,GNS_DEF_100-119_0_0_all,19289,kWd,62.99,Landings,R-Reported,Imported
France,3,Quarter,2020,mon.27.78abd,27.7.e,OTT_DEF_70-99_0_0,34945,kWd,370.76,Landings,R-Reported,Imported
France,4,Quarter,2020,mon.27.78abd,27.7.f,OTT_DEF_100-119_0_0,4758,kWd,1910.77,Landings,R-Reported,Imported
France,3,Quarter,2020,mon.27.78abd,27.7.f,OTB_DEF_100-119_0_0,201286,kWd,37320.24,Landings,R-Reported,Imported
France,2,Quarter,2020,mon.27.78abd,27.7.f,OTB_DEF_70-99_0_0,8227,kWd,1609.67,Landings,R-Reported,Imported
France,2,Quarter,2020,mon.27.78abd,27.7.b,GNS_DEF_100-119_0_0_all,15469,kWd,1016.16,Landings,R-Reported,Imported
France,3,Quarter,2020,mon.27.78abd,27.7.b,OTT_DEF_100-119_0_0,2608,kWd,3817.6,Landings,R-Reported,Imported
France,2,Quarter,2020,mon.27.78abd,27.7.b,OTB_DEF_100-119_0_0,83153,kWd,105834.22,Landings,R-Reported,Imported
France,1,Quarter,2020,mon.27.78abd,27.7.b,OTB_DEF_70-99_0_0,19084,kWd,23977.86,Landings,R-Reported,Imported
France,3,Quarter,2020,mon.27.78abd,27.7.c,OTB_CRU_70-99_0_0_all,849,kWd,299.52,Landings,R-Reported,Imported
France,3,Quarter,2020,mon.27.78abd,27.7.c,OTB_CRU_100-119_0_0_all,6127,kWd,2116.4,Landings,R-Reported,Imported
France,2,Quarter,2020,mon.27.78abd,27.7.c,OTT_DEF_100-119_0_0,5492,kWd,10593.59,Landings,R-Reported,Imported
France,1,Quarter,2020,mon.27.78abd,27.7.c,OTB_DEF_100-119_0_0,60271,kWd,50627.8,Landings,R-Reported,Imported
France,2,Quarter,2020,mon.27.78abd,27.7.g,OTT_CRU_100-119_0_0,7686,kWd,1429.17,Landings,R-Reported,Imported
France,4,Quarter,2020,mon.27.78abd,27.7.g,OTT_DEF_100-119_0_0,158872,kWd,31399.42,Landings,R-Reported,Imported
France,2,Quarter,2020,mon.27.78abd,27.7.h,GTR_DEF_>=220_0_0_all,81098,kWd,30953.32,Landings,R-Reported,Imported
France,1,Quarter,2020,mon.27.78abd,27.7.h,OTT_CRU_100-119_0_0,335,kWd,103.48,Landings,R-Reported,Imported
France,1,Quarter,2020,mon.27.78abd,27.7.h,OTT_DEF_70-99_0_0,0,kWd,0,Landings,R-Reported,Imported
France,3,Quarter,2020,mon.27.78abd,27.7.j,OTB_CRU_70-99_0_0_all,396,kWd,160.21,Landings,R-Reported,Imported
France,3,Quarter,2020,mon.27.78abd,27.7.j,OTT_CRU_100-119_0_0,1095,kWd,456.3,Landings,R-Reported,Imported
France,4,Quarter,2020,mon.27.78abd,27.7.j,OTB_DEF_70-99_0_0,167576,kWd,213451.13,Landings,R-Reported,Imported
France,4,Quarter,2020,mon.27.78abd,27.7.k,GNS_DEF_100-119_0_0_all,189055,kWd,3865.1,Landings,R-Reported,Imported
France,2,Quarter,2020,mon.27.78abd,27.7.k,OTB_CRU_100-119_0_0_all,2542,kWd,2132.45,Landings,R-Reported,Imported
France,1,Quarter,2020,mon.27.78abd,27.7.k,OTT_DEF_100-119_0_0,3647,kWd,4290.01,Landings,R-Reported,Imported
France,4,Quarter,2020,mon.27.78abd,27.7.k,OTB_DEF_100-119_0_0,22185,kWd,15009.47,Landings,R-Reported,Imported
France,3,Quarter,2020,mon.27.78abd,27.7.k,OTB_DEF_70-99_0_0,5076,kWd,3117.4,Landings,R-Reported,Imported
France,4,Quarter,2020,mon.27.78abd,27.8.b,OTB_DEF_>=70_0_0,305062,kWd,6908.11,Landings,R-Reported,Imported
France,3,Quarter,2020,mon.27.78abd,27.8.b,OTT_DEF_>=70_0_0,34520,kWd,14866.64,Landings,R-Reported,Imported
France,1,Quarter,2020,mon.27.78abd,27.7.d,OTB_DEF_100-119_0_0,4968,kWd,123.39,Landings,R-Reported,Imported
France,4,Quarter,2020,mon.27.78abd,27.7.d,OTB_DEF_100-119_0_0,13597,kWd,76.37,Landings,R-Reported,Imported
France,2,Quarter,2020,mon.27.78abd,27.7.d,OTB_DEF_100-119_0_0,13428,kWd,74.19,Landings,R-Reported,Imported
France,1,Quarter,2020,mon.27.78abd,27.7.d,GTR_DEF_100-119_0_0_all,42988,kWd,20.14,Landings,R-Reported,Imported
France,1,Quarter,2020,mon.27.78abd,27.7.d,GTR_DEF_100-119_0_0_all,42988,kWd,0,Discards,R-Reported,Imported
France,3,Quarter,2020,mon.27.78abd,27.7.d,GTR_DEF_120-219_0_0_all,28702,kWd,8.2,Landings,R-Reported,Imported
France,2,Quarter,2020,mon.27.78abd,27.7.d,GTR_DEF_100-119_0_0_all,85759,kWd,4.88,Landings,R-Reported,Imported
UK (England),2,Quarter,2020,mon.27.78abd,27.7.d,OTB_DEF_>=120_0_0_all,-9,NA,11,Landings,"A-All - reported, nonre",Imported
France,4,Quarter,2020,mon.27.78abd,27.8.a,OTT_CRU_>=70_0_0,718717,kWd,29808.7,Landings,R-Reported,Imported
France,4,Quarter,2020,mon.27.78abd,27.8.a,OTT_CRU_>=70_0_0,718717,kWd,28117.38,Discards,R-Reported,Imported
France,1,Quarter,2020,mon.27.78abd,27.8.a,GTR_DEF_100-119_0_0_all,552333,kWd,48818.23,Landings,R-Reported,Imported
France,1,Quarter,2020,mon.27.78abd,27.8.a,GTR_DEF_100-119_0_0_all,552333,kWd,974.24,Discards,R-Reported,Imported
France,3,Quarter,2020,mon.27.78abd,27.8.a,OTT_CRU_>=70_0_0,1294614,kWd,32740.82,Landings,R-Reported,Imported
France,3,Quarter,2020,mon.27.78abd,27.8.a,OTT_CRU_>=70_0_0,1294614,kWd,11624.44,Discards,R-Reported,Imported
France,1,Quarter,2020,mon.27.78abd,27.8.a,GTR_DEF_all_0_0_all,602433,kWd,284.08,Landings,R-Reported,Imported
France,4,Quarter,2020,mon.27.78abd,27.8.a,GTR_DEF_all_0_0_all,477566,kWd,4.88,Landings,R-Reported,Imported
France,1,Quarter,2020,mon.27.78abd,27.8.b,GNS_DEF_all_0_0_all,498723,kWd,10,Landings,R-Reported,Imported
France,1,Quarter,2020,mon.27.78abd,27.8.b,GNS_DEF_all_0_0_all,498723,kWd,0,Discards,R-Reported,Imported
France,4,Quarter,2020,mon.27.78abd,27.8.b,OTT_CRU_>=70_0_0,1086,kWd,7.17,Landings,R-Reported,Imported
France,1,Quarter,2020,mon.27.78abd,27.8.b,GTR_DEF_100-119_0_0_all,507039,kWd,15084.06,Landings,R-Reported,Imported
France,1,Quarter,2020,mon.27.78abd,27.8.b,GTR_DEF_100-119_0_0_all,507039,kWd,3680.15,Discards,R-Reported,Imported
France,2,Quarter,2020,mon.27.78abd,27.8.d,GNS_DEF_all_0_0_all,1602,kWd,11.78,Landings,R-Reported,Imported
France,1,Quarter,2020,mon.27.78abd,27.8.d,GTR_DEF_all_0_0_all,1049,kWd,120.17,Landings,R-Reported,Imported
France,2,Quarter,2020,mon.27.78abd,27.8.a,GTR_DEF_all_0_0_all,578142,kWd,44.6,Landings,R-Reported,Imported
France,2,Quarter,2020,mon.27.78abd,27.8.a,OTT_CRU_>=70_0_0,1501046,kWd,63589.97,Landings,R-Reported,Imported
France,2,Quarter,2020,mon.27.78abd,27.8.a,OTT_CRU_>=70_0_0,1501046,kWd,4587.71,Discards,R-Reported,Imported
France,2,Quarter,2020,mon.27.78abd,27.8.b,GNS_DEF_all_0_0_all,397708,kWd,17.73,Landings,R-Reported,Imported
France,1,Quarter,2020,mon.27.78abd,27.8.b,GTR_DEF_all_0_0_all,525410,kWd,3.97,Landings,R-Reported,Imported
France,4,Quarter,2020,mon.27.78abd,27.8.b,GTR_DEF_100-119_0_0_all,486069,kWd,1296.3,Landings,R-Reported,Imported
France,2,Quarter,2020,mon.27.78abd,27.8.d,GTR_DEF_100-119_0_0_all,15107,kWd,21755.91,Landings,R-Reported,Imported
France,1,Quarter,2020,mon.27.78abd,27.8.a,OTT_CRU_>=70_0_0,557984,kWd,22497.22,Landings,R-Reported,Imported
France,1,Quarter,2020,mon.27.78abd,27.8.a,OTT_CRU_>=70_0_0,557984,kWd,2336.78,Discards,R-Reported,Imported
France,3,Quarter,2020,mon.27.78abd,27.8.b,OTT_CRU_>=70_0_0,22527,kWd,1592.61,Landings,R-Reported,Imported
France,3,Quarter,2020,mon.27.78abd,27.8.d,GTR_DEF_100-119_0_0_all,2074,kWd,958.05,Landings,R-Reported,Imported
France,4,Quarter,2020,mon.27.78abd,27.8.a,GNS_DEF_all_0_0_all,573344,kWd,152.24,Landings,R-Reported,Imported
France,3,Quarter,2020,mon.27.78abd,27.8.a,GTR_DEF_all_0_0_all,568017,kWd,82.15,Landings,R-Reported,Imported
France,2,Quarter,2020,mon.27.78abd,27.8.b,OTT_CRU_>=70_0_0,20719,kWd,262.78,Landings,R-Reported,Imported
Spain,1,Quarter,2020,mon.27.78abd,27.8.b,PTB_DEF_>=70_0_0,39008,kWd,851.96,Landings,R-Reported,Imported
Spain,4,Quarter,2020,mon.27.78abd,27.8.b,PTB_DEF_>=70_0_0,39008,kWd,1548.31,Landings,R-Reported,Imported
Spain,3,Quarter,2020,mon.27.78abd,27.8.b,PTB_DEF_>=70_0_0,23920,kWd,165.08,Landings,R-Reported,Imported
Spain,2,Quarter,2020,mon.27.78abd,27.8.b,PTB_DEF_>=70_0_0,50048,kWd,373.87,Landings,R-Reported,Imported
France,4,Quarter,2020,mon.27.78abd,27.8.b,GNS_DEF_all_0_0_all,388725,kWd,0.93,Landings,R-Reported,Imported
France,4,Quarter,2020,mon.27.78abd,27.8.b,GNS_DEF_all_0_0_all,388725,kWd,0,Discards,R-Reported,Imported
Spain,3,Quarter,2020,mon.27.78abd,27.8.a,PTB_DEF_>=70_0_0,0,kWd,0,Landings,R-Reported,Imported
Spain,4,Quarter,2020,mon.27.78abd,27.8.a,PTB_DEF_>=70_0_0,0,kWd,0,Landings,R-Reported,Imported
Spain,2,Quarter,2020,mon.27.78abd,27.8.b,OTB_MPD_>=70_0_0,0,kWd,0,Landings,R-Reported,Imported
Spain,1,Quarter,2020,mon.27.78abd,27.8.a,PTB_DEF_>=70_0_0,4784,kWd,54.56,Landings,R-Reported,Imported
Spain,3,Quarter,2020,mon.27.78abd,27.8.b,OTB_MPD_>=70_0_0,0,kWd,0,Landings,R-Reported,Imported
Spain,2,Quarter,2020,mon.27.78abd,27.8.a,PTB_DEF_>=70_0_0,0,kWd,0,Landings,R-Reported,Imported
Spain,1,Quarter,2020,mon.27.78abd,27.8.b,OTB_MPD_>=70_0_0,11724,kWd,113.8,Landings,R-Reported,Imported
Spain,4,Quarter,2020,mon.27.78abd,27.8.b,OTB_MPD_>=70_0_0,0,kWd,0,Landings,R-Reported,Imported
UK (England),3,Quarter,2020,mon.27.78abd,27.7.e,OTB_CRU_70-99_0_0_all,-9,NA,271,Landings,"A-All - reported, nonre",Imported
UK (England),1,Quarter,2020,mon.27.78abd,27.7.e,OTB_DEF_>=120_0_0_all,-9,NA,37729,Landings,"A-All - reported, nonre",Imported
UK (England),1,Quarter,2020,mon.27.78abd,27.7.e,OTB_DEF_>=120_0_0_all,-9,NA,2023,Discards,"A-All - reported, nonre",Imported
UK (England),3,Quarter,2020,mon.27.78abd,27.7.e,LLS_FIF_0_0_0_all,-9,NA,7,Landings,"A-All - reported, nonre",Imported
UK (England),4,Quarter,2020,mon.27.78abd,27.7.e,OTB_DEF_70-99_0_0_all,-9,NA,25989,Landings,"A-All - reported, nonre",Imported
UK (England),3,Quarter,2020,mon.27.78abd,27.7.e,TBB_DEF_70-99_0_0_all,-9,NA,350379,Landings,"A-All - reported, nonre",Imported
UK (England),3,Quarter,2020,mon.27.78abd,27.7.e,OTB_CRU_100-119_0_0_all,-9,NA,8,Landings,"A-All - reported, nonre",Imported
UK (England),3,Quarter,2020,mon.27.78abd,27.7.e,TBB_DEF_>=120_0_0_all,-9,NA,639,Landings,"A-All - reported, nonre",Imported
UK (England),2,Quarter,2020,mon.27.78abd,27.7.e,TBB_DEF_70-99_0_0_all,-9,NA,190571,Landings,"A-All - reported, nonre",Imported
UK (England),1,Quarter,2020,mon.27.78abd,27.7.e,GNS_DEF_all_0_0_all,-9,NA,17150,Landings,"A-All - reported, nonre",Imported
UK (England),1,Quarter,2020,mon.27.78abd,27.7.e,GNS_DEF_all_0_0_all,-9,NA,0,Discards,"A-All - reported, nonre",Imported
UK (England),4,Quarter,2020,mon.27.78abd,27.7.e,GNS_DEF_all_0_0_all,-9,NA,11494,Landings,"A-All - reported, nonre",Imported
UK (England),3,Quarter,2020,mon.27.78abd,27.7.e,OTB_DEF_70-99_0_0_all,-9,NA,53197,Landings,"A-All - reported, nonre",Imported
UK (England),1,Quarter,2020,mon.27.78abd,27.7.e,TBB_DEF_>=120_0_0_all,-9,NA,533,Landings,"A-All - reported, nonre",Imported
UK (England),1,Quarter,2020,mon.27.78abd,27.7.e,TBB_DEF_70-99_0_0_all,-9,NA,238094,Landings,"A-All - reported, nonre",Imported
UK (England),1,Quarter,2020,mon.27.78abd,27.7.e,TBB_DEF_70-99_0_0_all,-9,NA,73335,Discards,"A-All - reported, nonre",Imported
France,2,Quarter,2020,mon.27.78abd,27.8.d,OTB_DEF_>=70_0_0,2809,kWd,1670.73,Landings,R-Reported,Imported
France,4,Quarter,2020,mon.27.78abd,27.8.d,OTT_DEF_>=70_0_0,32606,kWd,23321.42,Landings,R-Reported,Imported
France,2,Quarter,2020,mon.27.78abd,27.7.e,GNS_DEF_120-219_0_0_all,12299,kWd,9102.87,Landings,R-Reported,Imported
France,1,Quarter,2020,mon.27.78abd,27.7.e,OTT_DEF_100-119_0_0,6214,kWd,3603.35,Landings,R-Reported,Imported
France,4,Quarter,2020,mon.27.78abd,27.7.e,OTT_DEF_100-119_0_0,10391,kWd,5495.82,Landings,R-Reported,Imported
France,3,Quarter,2020,mon.27.78abd,27.7.f,OTT_DEF_100-119_0_0,1746,kWd,743.93,Landings,R-Reported,Imported
France,2,Quarter,2020,mon.27.78abd,27.7.f,OTB_DEF_100-119_0_0,87567,kWd,14152.15,Landings,R-Reported,Imported
France,1,Quarter,2020,mon.27.78abd,27.7.f,OTB_DEF_70-99_0_0,2457,kWd,173.06,Landings,R-Reported,Imported
France,3,Quarter,2020,mon.27.78abd,27.7.b,OTB_CRU_70-99_0_0_all,27,kWd,9.6,Landings,R-Reported,Imported
France,2,Quarter,2020,mon.27.78abd,27.7.b,OTT_DEF_100-119_0_0,1150,kWd,2131.43,Landings,R-Reported,Imported
France,4,Quarter,2020,mon.27.78abd,27.7.b,OTB_DEF_70-99_0_0,65219,kWd,98752.65,Landings,R-Reported,Imported
France,4,Quarter,2020,mon.27.78abd,27.7.c,GNS_DEF_100-119_0_0_all,315948,kWd,6546.66,Landings,R-Reported,Imported
France,3,Quarter,2020,mon.27.78abd,27.7.c,GNS_DEF_120-219_0_0_all,25206,kWd,201.8,Landings,R-Reported,Imported
France,2,Quarter,2020,mon.27.78abd,27.7.c,OTB_CRU_100-119_0_0_all,8624,kWd,4356.83,Landings,R-Reported,Imported
France,1,Quarter,2020,mon.27.78abd,27.7.c,OTT_DEF_100-119_0_0,11805,kWd,15405.26,Landings,R-Reported,Imported
France,4,Quarter,2020,mon.27.78abd,27.7.c,OTB_DEF_100-119_0_0,92316,kWd,81832.36,Landings,R-Reported,Imported
France,3,Quarter,2020,mon.27.78abd,27.7.c,OTB_DEF_70-99_0_0,117747,kWd,117425.07,Landings,R-Reported,Imported
France,2,Quarter,2020,mon.27.78abd,27.7.g,GNS_DEF_120-219_0_0_all,3067,kWd,49.69,Landings,R-Reported,Imported
France,1,Quarter,2020,mon.27.78abd,27.7.g,OTT_CRU_100-119_0_0,3558,kWd,770.48,Landings,R-Reported,Imported
France,3,Quarter,2020,mon.27.78abd,27.7.g,OTB_DEF_100-119_0_0,117783,kWd,15308.01,Landings,R-Reported,Imported
France,2,Quarter,2020,mon.27.78abd,27.7.g,OTB_DEF_70-99_0_0,6329,kWd,714.28,Landings,R-Reported,Imported
France,2,Quarter,2020,mon.27.78abd,27.7.h,GNS_DEF_100-119_0_0_all,7188,kWd,203.27,Landings,R-Reported,Imported
France,1,Quarter,2020,mon.27.78abd,27.7.h,GNS_DEF_120-219_0_0_all,6862,kWd,8289.27,Landings,R-Reported,Imported
France,1,Quarter,2020,mon.27.78abd,27.7.h,GTR_DEF_>=220_0_0_all,40856,kWd,119603.61,Landings,R-Reported,Imported
France,2,Quarter,2020,mon.27.78abd,27.7.h,OTB_DEF_100-119_0_0,269216,kWd,26676.35,Landings,R-Reported,Imported
France,1,Quarter,2020,mon.27.78abd,27.7.h,OTB_DEF_70-99_0_0,354123,kWd,91397.19,Landings,R-Reported,Imported
France,4,Quarter,2020,mon.27.78abd,27.7.h,OTB_DEF_70-99_0_0,117513,kWd,50497.08,Landings,R-Reported,Imported
France,3,Quarter,2020,mon.27.78abd,27.7.j,GNS_DEF_120-219_0_0_all,41859,kWd,2784.96,Landings,R-Reported,Imported
France,2,Quarter,2020,mon.27.78abd,27.7.j,OTB_CRU_100-119_0_0_all,2803,kWd,1779.07,Landings,R-Reported,Imported
France,3,Quarter,2020,mon.27.78abd,27.7.k,GNS_DEF_100-119_0_0_all,134265,kWd,2303.57,Landings,R-Reported,Imported
France,3,Quarter,2020,mon.27.78abd,27.7.k,OTB_DEF_100-119_0_0,20470,kWd,22873.62,Landings,R-Reported,Imported
France,2,Quarter,2020,mon.27.78abd,27.7.k,OTB_DEF_70-99_0_0,6477,kWd,7584.52,Landings,R-Reported,Imported
France,1,Quarter,2020,mon.27.78abd,27.8.a,OTB_DEF_>=70_0_0,794216,kWd,110561.83,Landings,R-Reported,Imported
France,3,Quarter,2020,mon.27.78abd,27.8.b,OTB_DEF_>=70_0_0,328603,kWd,24399.69,Landings,R-Reported,Imported
France,2,Quarter,2020,mon.27.78abd,27.8.b,OTT_DEF_>=70_0_0,12136,kWd,2724.88,Landings,R-Reported,Imported
France,4,Quarter,2020,mon.27.78abd,27.8.d,GNS_DEF_100-119_0_0_all,10588,kWd,67.81,Landings,R-Reported,Imported
France,1,Quarter,2020,mon.27.78abd,27.8.d,OTB_DEF_>=70_0_0,10306,kWd,9640.11,Landings,R-Reported,Imported
France,4,Quarter,2020,mon.27.78abd,27.8.d,OTB_DEF_>=70_0_0,6174,kWd,5565.06,Landings,R-Reported,Imported
UK (England),1,Quarter,2020,mon.27.78abd,27.7.a,MIS_MIS_0_0_0_HC,-9,NA,26,Landings,"A-All - reported, nonre",Imported
UK (England),4,Quarter,2020,mon.27.78abd,27.7.f,MIS_MIS_0_0_0_HC,-9,NA,4,Landings,"A-All - reported, nonre",Imported
UK (England),3,Quarter,2020,mon.27.78abd,27.7.f,MIS_MIS_0_0_0_HC,-9,NA,3257,Landings,"A-All - reported, nonre",Imported
UK (England),3,Quarter,2020,mon.27.78abd,27.7.e,MIS_MIS_0_0_0_HC,-9,NA,38993,Landings,"A-All - reported, nonre",Imported
UK (England),2,Quarter,2020,mon.27.78abd,27.7.f,MIS_MIS_0_0_0_HC,-9,NA,3,Landings,"A-All - reported, nonre",Imported
UK (England),2,Quarter,2020,mon.27.78abd,27.7.a,MIS_MIS_0_0_0_HC,-9,NA,75,Landings,"A-All - reported, nonre",Imported
France,4,Quarter,2020,mon.27.78abd,27.7.b,MIS_MIS_0_0_0,20207,kWd,27.34,Landings,R-Reported,Imported
France,1,Quarter,2020,mon.27.78abd,27.7.b,MIS_MIS_0_0_0,104350,kWd,3.03,Landings,R-Reported,Imported
France,4,Quarter,2020,mon.27.78abd,27.7.k,MIS_MIS_0_0_0,322524,kWd,79.89,Landings,R-Reported,Imported
France,3,Quarter,2020,mon.27.78abd,27.7.c,MIS_MIS_0_0_0,223705,kWd,0.7,Landings,R-Reported,Imported
France,3,Quarter,2020,mon.27.78abd,27.7.k,MIS_MIS_0_0_0,215941,kWd,108.82,Landings,R-Reported,Imported
Netherlands,2,Quarter,2020,mon.27.78abd,27.7.d,SSC_DEF_70-99_0_0_all,58622,kWd,170,Landings,R-Reported,Imported
Netherlands,1,Quarter,2020,mon.27.78abd,27.7.d,SSC_DEF_100-119_0_0_all,1313,kWd,10,Landings,R-Reported,Imported
Netherlands,3,Quarter,2020,mon.27.78abd,27.7.d,SSC_DEF_70-99_0_0_all,109178,kWd,140,Landings,R-Reported,Imported
Netherlands,2,Quarter,2020,mon.27.78abd,27.7.d,SSC_DEF_100-119_0_0_all,10356,kWd,40,Landings,R-Reported,Imported
Netherlands,1,Quarter,2020,mon.27.78abd,27.7.d,SSC_DEF_70-99_0_0_all,382071,kWd,770,Landings,R-Reported,Imported
Netherlands,4,Quarter,2020,mon.27.78abd,27.7.d,SSC_DEF_70-99_0_0_all,415911,kWd,1000,Landings,R-Reported,Imported
UK (England),4,Quarter,2020,mon.27.78abd,27.7.d,SDN_all_0_0_all,-9,NA,13,Landings,"A-All - reported, nonre",Imported
UK (England),1,Quarter,2020,mon.27.78abd,27.7.e,TBB_DEF_70-99_0_0_all,-9,NA,15,BMS landing,"A-All - reported, nonre",Imported
UK (England),4,Quarter,2020,mon.27.78abd,27.7.e,TBB_DEF_70-99_0_0_all,-9,NA,376011,Landings,"A-All - reported, nonre",Imported
UK (England),4,Quarter,2020,mon.27.78abd,27.7.e,TBB_DEF_70-99_0_0_all,-9,NA,14419,Discards,"A-All - reported, nonre",Imported
UK (England),2,Quarter,2020,mon.27.78abd,27.7.e,OTB_DEF_>=120_0_0_all,-9,NA,53561,Landings,"A-All - reported, nonre",Imported
UK (England),2,Quarter,2020,mon.27.78abd,27.7.e,GNS_DEF_all_0_0_all,-9,NA,23730,Landings,"A-All - reported, nonre",Imported
UK (England),1,Quarter,2020,mon.27.78abd,27.7.e,OTB_DEF_70-99_0_0_all,-9,NA,47008,Landings,"A-All - reported, nonre",Imported
UK (England),1,Quarter,2020,mon.27.78abd,27.7.e,OTB_DEF_70-99_0_0_all,-9,NA,2761,Discards,"A-All - reported, nonre",Imported
UK (England),2,Quarter,2020,mon.27.78abd,27.7.e,OTB_CRU_16-31_0_0_all,-9,NA,32,Landings,"A-All - reported, nonre",Imported
UK (England),4,Quarter,2020,mon.27.78abd,27.7.e,OTB_DEF_>=120_0_0_all,-9,NA,66274,Landings,"A-All - reported, nonre",Imported
UK (England),2,Quarter,2020,mon.27.78abd,27.7.e,TBB_DEF_>=120_0_0_all,-9,NA,238,Landings,"A-All - reported, nonre",Imported
UK (England),3,Quarter,2020,mon.27.78abd,27.7.e,OTB_DEF_>=120_0_0_all,-9,NA,102891,Landings,"A-All - reported, nonre",Imported
UK (England),3,Quarter,2020,mon.27.78abd,27.7.e,GNS_DEF_all_0_0_all,-9,NA,28161,Landings,"A-All - reported, nonre",Imported
UK (England),2,Quarter,2020,mon.27.78abd,27.7.e,OTB_DEF_70-99_0_0_all,-9,NA,30366,Landings,"A-All - reported, nonre",Imported
UK (England),4,Quarter,2020,mon.27.78abd,27.7.e,OTB_CRU_100-119_0_0_all,-9,NA,71,Landings,"A-All - reported, nonre",Imported
Belgium,4,Quarter,2020,mon.27.78abd,27.7.e,OTB_CRU_70-99_0_0_all,17905,kWd,1075,Landings,R-Reported,Imported
France,1,Quarter,2020,mon.27.78abd,27.7.e,GNS_DEF_>=220_0_0_all,4413,kWd,12034.67,Landings,R-Reported,Imported
France,4,Quarter,2020,mon.27.78abd,27.7.e,GNS_DEF_>=220_0_0_all,1526,kWd,1569.32,Landings,R-Reported,Imported
France,3,Quarter,2020,mon.27.78abd,27.7.e,GNS_DEF_all_0_0_all,31808,kWd,938.76,Landings,R-Reported,Imported
France,2,Quarter,2020,mon.27.78abd,27.7.e,GTR_DEF_all_0_0_all,7877,kWd,867.47,Landings,R-Reported,Imported
France,3,Quarter,2020,mon.27.78abd,27.7.e,GTR_DEF_120-219_0_0_all,41458,kWd,21301.02,Landings,R-Reported,Imported
France,2,Quarter,2020,mon.27.78abd,27.7.e,OTT_DEF_70-99_0_0,51748,kWd,155.2,Landings,R-Reported,Imported
France,4,Quarter,2020,mon.27.78abd,27.7.f,OTT_CRU_100-119_0_0,74,kWd,45.62,Landings,R-Reported,Imported
France,3,Quarter,2020,mon.27.78abd,27.7.h,OTB_CRU_100-119_0_0_all,542,kWd,278.67,Landings,R-Reported,Imported
France,1,Quarter,2020,mon.27.78abd,27.7.h,GTR_DEF_120-219_0_0_all,11907,kWd,32013.89,Landings,R-Reported,Imported
France,4,Quarter,2020,mon.27.78abd,27.7.h,GTR_DEF_120-219_0_0_all,18062,kWd,25453.33,Landings,R-Reported,Imported
France,4,Quarter,2020,mon.27.78abd,27.7.h,OTT_DEF_70-99_0_0,152,kWd,9.63,Landings,R-Reported,Imported
France,2,Quarter,2020,mon.27.78abd,27.7.j,GNS_DEF_>=220_0_0_all,12789,kWd,24281.46,Landings,R-Reported,Imported
France,1,Quarter,2020,mon.27.78abd,27.7.k,GNS_DEF_>=220_0_0_all,4673,kWd,15695.11,Landings,R-Reported,Imported
France,4,Quarter,2020,mon.27.78abd,27.7.k,GNS_DEF_>=220_0_0_all,42665,kWd,89933.64,Landings,R-Reported,Imported
France,4,Quarter,2020,mon.27.78abd,27.7.k,OTB_CRU_100-119_0_0_all,1074,kWd,154.24,Landings,R-Reported,Imported
France,2,Quarter,2020,mon.27.78abd,27.8.a,OTT-DEF,78,kWd,2.78,Landings,R-Reported,Imported
France,3,Quarter,2020,mon.27.78abd,27.8.a,OTB_CRU_>=70_0_0,29724,kWd,1780.64,Landings,R-Reported,Imported
France,2,Quarter,2020,mon.27.78abd,27.8.b,OTB_CRU_>=70_0_0,32827,kWd,233.99,Landings,R-Reported,Imported
France,3,Quarter,2020,mon.27.78abd,27.8.d,OTT_CRU_>=70_0_0,193,kWd,18.8,Landings,R-Reported,Imported
France,1,Quarter,2020,mon.27.78abd,27.7.e,GNS_DEF_100-119_0_0_all,18439,kWd,75.28,Landings,R-Reported,Imported
France,2,Quarter,2020,mon.27.78abd,27.7.e,GNS_DEF_>=220_0_0_all,14365,kWd,24931.06,Landings,R-Reported,Imported
France,1,Quarter,2020,mon.27.78abd,27.7.e,GNS_DEF_all_0_0_all,18921,kWd,852.15,Landings,R-Reported,Imported
France,3,Quarter,2020,mon.27.78abd,27.7.e,GTR_DEF_all_0_0_all,24609,kWd,676.67,Landings,R-Reported,Imported
France,3,Quarter,2020,mon.27.78abd,27.7.e,GTR_DEF_100-119_0_0_all,23967,kWd,227.77,Landings,R-Reported,Imported
France,3,Quarter,2020,mon.27.78abd,27.7.c,OTT_CRU_100-119_0_0,823,kWd,1008.24,Landings,R-Reported,Imported
France,2,Quarter,2020,mon.27.78abd,27.7.h,GTR_DEF_120-219_0_0_all,9386,kWd,6501.24,Landings,R-Reported,Imported
France,1,Quarter,2020,mon.27.78abd,27.7.h,GTR_DEF_100-119_0_0_all,847,kWd,290.16,Landings,R-Reported,Imported
France,4,Quarter,2020,mon.27.78abd,27.7.h,GTR_DEF_100-119_0_0_all,242,kWd,213.33,Landings,R-Reported,Imported
France,3,Quarter,2020,mon.27.78abd,27.7.k,GNS_DEF_120-219_0_0_all,1176,kWd,3.02,Landings,R-Reported,Imported
France,2,Quarter,2020,mon.27.78abd,27.7.k,GNS_DEF_>=220_0_0_all,27654,kWd,49706.43,Landings,R-Reported,Imported
France,1,Quarter,2020,mon.27.78abd,27.8.a,OTB_CRU_>=70_0_0,24100,kWd,719.74,Landings,R-Reported,Imported
France,4,Quarter,2020,mon.27.78abd,27.8.a,OTB_CRU_>=70_0_0,24047,kWd,865.24,Landings,R-Reported,Imported
France,3,Quarter,2020,mon.27.78abd,27.8.b,OTB_CRU_>=70_0_0,24811,kWd,1463.67,Landings,R-Reported,Imported
France,2,Quarter,2020,mon.27.78abd,27.7.d,GTR_DEF_>=220_0_0_all,8898,kWd,17,Landings,R-Reported,Imported
France,3,Quarter,2020,mon.27.78abd,27.7.e,GNS_DEF_>=220_0_0_all,14542,kWd,35610.01,Landings,R-Reported,Imported
France,2,Quarter,2020,mon.27.78abd,27.7.e,GNS_DEF_all_0_0_all,21556,kWd,760.39,Landings,R-Reported,Imported
France,1,Quarter,2020,mon.27.78abd,27.7.e,GTR_DEF_all_0_0_all,8750,kWd,255.4,Landings,R-Reported,Imported
France,4,Quarter,2020,mon.27.78abd,27.7.e,GTR_DEF_all_0_0_all,12594,kWd,296.28,Landings,R-Reported,Imported
France,1,Quarter,2020,mon.27.78abd,27.7.e,GTR_DEF_120-219_0_0_all,17079,kWd,6744.46,Landings,R-Reported,Imported
France,4,Quarter,2020,mon.27.78abd,27.7.e,GTR_DEF_120-219_0_0_all,21804,kWd,2132.24,Landings,R-Reported,Imported
France,2,Quarter,2020,mon.27.78abd,27.7.e,GTR_DEF_100-119_0_0_all,20855,kWd,489.02,Landings,R-Reported,Imported
France,3,Quarter,2020,mon.27.78abd,27.7.c,GNS_DEF_>=220_0_0_all,72,kWd,194.17,Landings,R-Reported,Imported
France,1,Quarter,2020,mon.27.78abd,27.7.h,GNS_DEF_>=220_0_0_all,15918,kWd,36381.69,Landings,R-Reported,Imported
France,3,Quarter,2020,mon.27.78abd,27.7.h,GTR_DEF_120-219_0_0_all,6619,kWd,10671.63,Landings,R-Reported,Imported
France,1,Quarter,2020,mon.27.78abd,27.7.j,GNS_DEF_120-219_0_0_all,9513,kWd,114.45,Landings,R-Reported,Imported
France,4,Quarter,2020,mon.27.78abd,27.7.j,OTB_CRU_100-119_0_0_all,678,kWd,109.6,Landings,R-Reported,Imported
France,3,Quarter,2020,mon.27.78abd,27.7.k,OTB_CRU_100-119_0_0_all,1231,kWd,319.61,Landings,R-Reported,Imported
France,4,Quarter,2020,mon.27.78abd,27.8.a,OTT-DEF,473,kWd,0,Landings,R-Reported,Imported
France,2,Quarter,2020,mon.27.78abd,27.8.a,OTB_CRU_>=70_0_0,62445,kWd,3976.85,Landings,R-Reported,Imported
France,1,Quarter,2020,mon.27.78abd,27.8.b,OTB_CRU_>=70_0_0,6819,kWd,17.18,Landings,R-Reported,Imported
France,4,Quarter,2020,mon.27.78abd,27.8.b,OTB_CRU_>=70_0_0,2414,kWd,4.5,Landings,R-Reported,Imported
France,2,Quarter,2020,mon.27.78abd,27.7.e,GTR_DEF_120-219_0_0_all,37559,kWd,17751.46,Landings,R-Reported,Imported
France,1,Quarter,2020,mon.27.78abd,27.7.e,OTT_DEF_70-99_0_0,1657,kWd,37.52,Landings,R-Reported,Imported
France,4,Quarter,2020,mon.27.78abd,27.7.e,OTT_DEF_70-99_0_0,612,kWd,4.24,Landings,R-Reported,Imported
France,1,Quarter,2020,mon.27.78abd,27.7.e,GTR_DEF_100-119_0_0_all,13951,kWd,143.2,Landings,R-Reported,Imported
France,4,Quarter,2020,mon.27.78abd,27.7.c,GNS_DEF_>=220_0_0_all,407,kWd,875.71,Landings,R-Reported,Imported
France,1,Quarter,2020,mon.27.78abd,27.7.c,OTB_CRU_100-119_0_0_all,2063,kWd,362.79,Landings,R-Reported,Imported
France,4,Quarter,2020,mon.27.78abd,27.7.g,OTT_CRU_100-119_0_0,1794,kWd,218.44,Landings,R-Reported,Imported
France,4,Quarter,2020,mon.27.78abd,27.7.g,OTB_DEF_70-99_0_0,79,kWd,19.68,Landings,R-Reported,Imported
France,4,Quarter,2020,mon.27.78abd,27.7.h,GNS_DEF_all_0_0_all,2244,kWd,13.13,Landings,R-Reported,Imported
France,3,Quarter,2020,mon.27.78abd,27.7.h,GTR_DEF_all_0_0_all,137,kWd,279.42,Landings,R-Reported,Imported
France,1,Quarter,2020,mon.27.78abd,27.7.j,GNS_DEF_>=220_0_0_all,2618,kWd,10045.26,Landings,R-Reported,Imported
France,3,Quarter,2020,mon.27.78abd,27.7.k,GNS_DEF_>=220_0_0_all,22554,kWd,51235.89,Landings,R-Reported,Imported
France,4,Quarter,2020,mon.27.78abd,27.7.k,OTT_CRU_100-119_0_0,750,kWd,153.43,Landings,R-Reported,Imported
France,1,Quarter,2020,mon.27.78abd,27.7.k,OTB_DEF_70-99_0_0,131,kWd,56.76,Landings,R-Reported,Imported
France,1,Quarter,2020,mon.27.78abd,27.8.b,OTT_CRU_>=70_0_0,324,kWd,0.15,Landings,R-Reported,Imported
Netherlands,3,Quarter,2020,mon.27.78abd,27.7.e,SSC_DEF_70-99_0_0_all,36630,kWd,930,Landings,R-Reported,Imported
Netherlands,2,Quarter,2020,mon.27.78abd,27.7.e,SSC_DEF_100-119_0_0_all,8273,kWd,110,Landings,R-Reported,Imported
Netherlands,2,Quarter,2020,mon.27.78abd,27.7.e,SSC_DEF_70-99_0_0_all,25809,kWd,420,Landings,R-Reported,Imported
Netherlands,1,Quarter,2020,mon.27.78abd,27.7.e,SSC_DEF_70-99_0_0_all,16992,kWd,210,Landings,R-Reported,Imported
Netherlands,4,Quarter,2020,mon.27.78abd,27.7.e,SSC_DEF_70-99_0_0_all,21728,kWd,290,Landings,R-Reported,Imported
Spain,3,Quarter,2020,mon.27.78abd,27.8.b,GTR_DEF_60-79_0_0,0,kWd,0,Landings,R-Reported,Imported
Spain,1,Quarter,2020,mon.27.78abd,27.8.b,GTR_DEF_60-79_0_0,55,kWd,0,Landings,R-Reported,Imported
Spain,4,Quarter,2020,mon.27.78abd,27.8.b,GTR_DEF_60-79_0_0,187,kWd,0,Landings,R-Reported,Imported
Spain,2,Quarter,2020,mon.27.78abd,27.8.b,GTR_DEF_60-79_0_0,72,kWd,46.5,Landings,R-Reported,Imported
Belgium,2020,Year,2020,mon.27.78abd,27.7.g,TBB_DEF_70-99_0_0_all,5486225,kWd,878503,Landings,R-Reported,Imported
Belgium,2020,Year,2020,mon.27.78abd,27.7.g,TBB_DEF_70-99_0_0_all,5486225,kWd,232780,Discards,R-Reported,Imported
Belgium,1,Quarter,2020,mon.27.78abd,27.7.f,OTB_CRU_70-99_0_0_all,705,kWd,473,Landings,R-Reported,Imported
Belgium,4,Quarter,2020,mon.27.78abd,27.7.f,OTB_CRU_70-99_0_0_all,207,kWd,281,Landings,R-Reported,Imported
Belgium,1,Quarter,2020,mon.27.78abd,27.7.g,OTB_CRU_70-99_0_0_all,57677,kWd,24059,Landings,R-Reported,Imported
Belgium,4,Quarter,2020,mon.27.78abd,27.7.g,OTB_CRU_70-99_0_0_all,80613,kWd,37215,Landings,R-Reported,Imported
Belgium,2,Quarter,2020,mon.27.78abd,27.7.f,OTB_CRU_70-99_0_0_all,705,kWd,315,Landings,R-Reported,Imported
Belgium,2,Quarter,2020,mon.27.78abd,27.7.g,OTB_CRU_70-99_0_0_all,73877,kWd,14920,Landings,R-Reported,Imported
Belgium,3,Quarter,2020,mon.27.78abd,27.7.g,OTB_CRU_70-99_0_0_all,104692,kWd,31206,Landings,R-Reported,Imported
Belgium,1,Quarter,2020,mon.27.78abd,27.7.j,OTB_CRU_70-99_0_0_all,2820,kWd,1574,Landings,R-Reported,Imported
Ireland,3,Quarter,2020,mon.27.78abd,27.7.a,OTB_DEF_100-119_0_0_all,-9,NA,8898,Landings,R-Reported,Imported
Ireland,3,Quarter,2020,mon.27.78abd,27.7.a,OTB_DEF_100-119_0_0_all,-9,NA,0,Discards,R-Reported,Imported
Ireland,1,Quarter,2020,mon.27.78abd,27.7.a,OTB_DEF_100-119_0_0_all,-9,NA,5972,Landings,R-Reported,Imported
Ireland,1,Quarter,2020,mon.27.78abd,27.7.a,OTB_DEF_100-119_0_0_all,-9,NA,0,Discards,R-Reported,Imported
Ireland,4,Quarter,2020,mon.27.78abd,27.7.a,OTB_DEF_100-119_0_0_all,-9,NA,1653,Landings,R-Reported,Imported
Ireland,4,Quarter,2020,mon.27.78abd,27.7.a,OTB_DEF_100-119_0_0_all,-9,NA,0,Discards,R-Reported,Imported
Ireland,2,Quarter,2020,mon.27.78abd,27.7.a,OTB_DEF_100-119_0_0_all,-9,NA,7450,Landings,R-Reported,Imported
Ireland,2,Quarter,2020,mon.27.78abd,27.7.a,OTB_DEF_100-119_0_0_all,-9,NA,0,Discards,R-Reported,Imported
Ireland,1,Quarter,2020,mon.27.78abd,27.7.j,OTB_CRU_70-99_0_0_all,-9,NA,62126,Landings,R-Reported,Imported
Ireland,1,Quarter,2020,mon.27.78abd,27.7.j,OTB_CRU_70-99_0_0_all,-9,NA,20.58,Discards,R-Reported,Imported
Ireland,4,Quarter,2020,mon.27.78abd,27.7.j,OTB_CRU_70-99_0_0_all,-9,NA,112377,Landings,R-Reported,Imported
Ireland,4,Quarter,2020,mon.27.78abd,27.7.j,OTB_CRU_70-99_0_0_all,-9,NA,37.23,Discards,R-Reported,Imported
Ireland,1,Quarter,2020,mon.27.78abd,27.7.j,OTB_CRU_100-119_0_0_all,-9,NA,15496,Landings,R-Reported,Imported
Ireland,1,Quarter,2020,mon.27.78abd,27.7.j,OTB_CRU_100-119_0_0_all,-9,NA,5.13,Discards,R-Reported,Imported
Ireland,3,Quarter,2020,mon.27.78abd,27.7.a,MIS_MIS_0_0_0_HC,-9,NA,11,Landings,R-Reported,Imported
Ireland,1,Quarter,2020,mon.27.78abd,27.7.a,TBB_DEF_70-99_0_0_all,-9,NA,4509,Landings,R-Reported,Imported
Ireland,4,Quarter,2020,mon.27.78abd,27.7.a,TBB_DEF_70-99_0_0_all,-9,NA,7107,Landings,R-Reported,Imported
Ireland,1,Quarter,2020,mon.27.78abd,27.7.a,OTB_CRU_70-99_0_0_all,-9,NA,10808,Landings,R-Reported,Imported
Ireland,4,Quarter,2020,mon.27.78abd,27.7.a,OTB_CRU_70-99_0_0_all,-9,NA,715,Landings,R-Reported,Imported
Ireland,3,Quarter,2020,mon.27.78abd,27.7.a,SSC_DEF_100-119_0_0_all,-9,NA,84,Landings,R-Reported,Imported
Ireland,2,Quarter,2020,mon.27.78abd,27.7.a,MIS_MIS_0_0_0_HC,-9,NA,20,Landings,R-Reported,Imported
Ireland,3,Quarter,2020,mon.27.78abd,27.7.a,OTB_CRU_70-99_0_0_all,-9,NA,8452,Landings,R-Reported,Imported
Ireland,2,Quarter,2020,mon.27.78abd,27.7.a,SSC_DEF_100-119_0_0_all,-9,NA,61,Landings,R-Reported,Imported
Ireland,2,Quarter,2020,mon.27.78abd,27.7.a,TBB_DEF_70-99_0_0_all,-9,NA,2232,Landings,R-Reported,Imported
Ireland,2,Quarter,2020,mon.27.78abd,27.7.a,OTB_CRU_70-99_0_0_all,-9,NA,6832,Landings,R-Reported,Imported
Ireland,1,Quarter,2020,mon.27.78abd,27.7.a,MIS_MIS_0_0_0_HC,-9,NA,212,Landings,R-Reported,Imported
Ireland,3,Quarter,2020,mon.27.78abd,27.7.a,TBB_DEF_70-99_0_0_all,-9,NA,8473,Landings,R-Reported,Imported
Ireland,1,Quarter,2020,mon.27.78abd,27.7.a,SSC_DEF_100-119_0_0_all,-9,NA,299,Landings,R-Reported,Imported
Ireland,4,Quarter,2020,mon.27.78abd,27.7.a,SSC_DEF_100-119_0_0_all,-9,NA,12,Landings,R-Reported,Imported
UK(Scotland),4,Quarter,2020,mon.27.78abd,27.7.b,MIS_MIS_0_0_0_HC,4446,kWd,19095,Landings,R-Reported,Imported
UK(Scotland),4,Quarter,2020,mon.27.78abd,27.7.b,OTB_DEF_>=120_0_0_all,209,kWd,309,Landings,R-Reported,Imported
UK(Scotland),2,Quarter,2020,mon.27.78abd,27.7.b,OTB_DEF_>=120_0_0_all,2623,kWd,14736,Landings,R-Reported,Imported
UK(Scotland),3,Quarter,2020,mon.27.78abd,27.7.b,OTB_DEF_>=120_0_0_all,180,kWd,421,Landings,R-Reported,Imported
UK (England),4,Quarter,2020,mon.27.78abd,27.7.f,GNS_DEF_all_0_0_all,-9,NA,161,Landings,"A-All - reported, nonre",Imported
UK (England),4,Quarter,2020,mon.27.78abd,27.7.f,GNS_DEF_all_0_0_all,-9,NA,0,Discards,"A-All - reported, nonre",Imported
UK (England),1,Quarter,2020,mon.27.78abd,27.7.a,TBB_DEF_70-99_0_0_all,-9,NA,1504,Landings,"A-All - reported, nonre",Imported
UK (England),4,Quarter,2020,mon.27.78abd,27.7.a,OTB_CRU_70-99_0_0_all,-9,NA,16,Landings,"A-All - reported, nonre",Imported
UK (England),2,Quarter,2020,mon.27.78abd,27.7.a,OTB_DEF_>=120_0_0_all,-9,NA,14,Landings,"A-All - reported, nonre",Imported
UK (England),1,Quarter,2020,mon.27.78abd,27.7.f,TBB_DEF_>=120_0_0_all,-9,NA,60,Landings,"A-All - reported, nonre",Imported
UK (England),3,Quarter,2020,mon.27.78abd,27.7.f,TBB_DEF_70-99_0_0_all,-9,NA,48354,Landings,"A-All - reported, nonre",Imported
UK (England),1,Quarter,2020,mon.27.78abd,27.7.f,OTB_DEF_>=120_0_0_all,-9,NA,689,Landings,"A-All - reported, nonre",Imported
UK (England),2,Quarter,2020,mon.27.78abd,27.7.f,GNS_DEF_all_0_0_all,-9,NA,3225,Landings,"A-All - reported, nonre",Imported
UK (England),1,Quarter,2020,mon.27.78abd,27.7.f,GTR_DEF_all_0_0_all,-9,NA,166,Landings,"A-All - reported, nonre",Imported
UK (England),4,Quarter,2020,mon.27.78abd,27.7.f,GTR_DEF_all_0_0_all,-9,NA,57,Landings,"A-All - reported, nonre",Imported
UK (England),1,Quarter,2020,mon.27.78abd,27.7.f,OTB_DEF_70-99_0_0_all,-9,NA,28,Landings,"A-All - reported, nonre",Imported
UK (England),4,Quarter,2020,mon.27.78abd,27.7.f,OTB_DEF_70-99_0_0_all,-9,NA,55,Landings,"A-All - reported, nonre",Imported
UK (England),1,Quarter,2020,mon.27.78abd,27.7.b,OTB_DEF_>=120_0_0_all,-9,NA,33323,Landings,"A-All - reported, nonre",Imported
UK (England),4,Quarter,2020,mon.27.78abd,27.7.b,OTB_DEF_>=120_0_0_all,-9,NA,199843,Landings,"A-All - reported, nonre",Imported
UK (England),3,Quarter,2020,mon.27.78abd,27.7.b,OTB_DEF_70-99_0_0_all,-9,NA,7527,Landings,"A-All - reported, nonre",Imported
UK (England),3,Quarter,2020,mon.27.78abd,27.7.c,OTB_DEF_>=120_0_0_all,-9,NA,114088,Landings,"A-All - reported, nonre",Imported
UK (England),2,Quarter,2020,mon.27.78abd,27.7.g,OTB_DEF_>=120_0_0_all,-9,NA,2280,Landings,"A-All - reported, nonre",Imported
UK (England),2,Quarter,2020,mon.27.78abd,27.7.g,GNS_DEF_all_0_0_all,-9,NA,2129,Landings,"A-All - reported, nonre",Imported
UK (England),1,Quarter,2020,mon.27.78abd,27.7.g,OTB_DEF_70-99_0_0_all,-9,NA,2,Landings,"A-All - reported, nonre",Imported
UK (England),3,Quarter,2020,mon.27.78abd,27.7.h,TBB_DEF_>=120_0_0_all,-9,NA,1684,Landings,"A-All - reported, nonre",Imported
UK (England),1,Quarter,2020,mon.27.78abd,27.7.h,OTB_DEF_>=120_0_0_all,-9,NA,7289,Landings,"A-All - reported, nonre",Imported
UK (England),4,Quarter,2020,mon.27.78abd,27.7.h,OTB_DEF_>=120_0_0_all,-9,NA,10251,Landings,"A-All - reported, nonre",Imported
UK (England),1,Quarter,2020,mon.27.78abd,27.7.h,GNS_DEF_all_0_0_all,-9,NA,6713,Landings,"A-All - reported, nonre",Imported
UK (England),3,Quarter,2020,mon.27.78abd,27.7.j,OTB_DEF_>=120_0_0_all,-9,NA,157628,Landings,"A-All - reported, nonre",Imported
UK (England),2,Quarter,2020,mon.27.78abd,27.7.j,OTB_DEF_70-99_0_0_all,-9,NA,3162,Landings,"A-All - reported, nonre",Imported
UK (England),2,Quarter,2020,mon.27.78abd,27.7.k,OTB_DEF_>=120_0_0_all,-9,NA,9749,Landings,"A-All - reported, nonre",Imported
UK (England),1,Quarter,2020,mon.27.78abd,27.7.k,OTB_DEF_70-99_0_0_all,-9,NA,1665,Landings,"A-All - reported, nonre",Imported
UK (England),4,Quarter,2020,mon.27.78abd,27.7.h,TBB_DEF_70-99_0_0_all,-9,NA,33328,Landings,"A-All - reported, nonre",Imported
UK (England),4,Quarter,2020,mon.27.78abd,27.7.h,TBB_DEF_70-99_0_0_all,-9,NA,1077,Discards,"A-All - reported, nonre",Imported
UK (England),3,Quarter,2020,mon.27.78abd,27.7.a,OTB_CRU_70-99_0_0_all,-9,NA,48,Landings,"A-All - reported, nonre",Imported
UK (England),2,Quarter,2020,mon.27.78abd,27.7.a,GNS_DEF_all_0_0_all,-9,NA,12,Landings,"A-All - reported, nonre",Imported
UK (England),1,Quarter,2020,mon.27.78abd,27.7.a,OTB_DEF_70-99_0_0_all,-9,NA,1,Landings,"A-All - reported, nonre",Imported
UK (England),4,Quarter,2020,mon.27.78abd,27.7.a,OTB_DEF_70-99_0_0_all,-9,NA,29,Landings,"A-All - reported, nonre",Imported
UK (England),2,Quarter,2020,mon.27.78abd,27.7.f,TBB_DEF_70-99_0_0_all,-9,NA,90358,Landings,"A-All - reported, nonre",Imported
UK (England),4,Quarter,2020,mon.27.78abd,27.7.f,OTB_DEF_>=120_0_0_all,-9,NA,633,Landings,"A-All - reported, nonre",Imported
UK (England),1,Quarter,2020,mon.27.78abd,27.7.f,GNS_DEF_all_0_0_all,-9,NA,187,Landings,"A-All - reported, nonre",Imported
UK (England),3,Quarter,2020,mon.27.78abd,27.7.f,GTR_DEF_all_0_0_all,-9,NA,143,Landings,"A-All - reported, nonre",Imported
UK (England),3,Quarter,2020,mon.27.78abd,27.7.f,OTB_DEF_70-99_0_0_all,-9,NA,21,Landings,"A-All - reported, nonre",Imported
UK (England),3,Quarter,2020,mon.27.78abd,27.7.b,OTB_DEF_>=120_0_0_all,-9,NA,85213,Landings,"A-All - reported, nonre",Imported
UK (England),2,Quarter,2020,mon.27.78abd,27.7.c,OTB_DEF_>=120_0_0_all,-9,NA,133019,Landings,"A-All - reported, nonre",Imported
UK (England),1,Quarter,2020,mon.27.78abd,27.7.c,OTB_DEF_70-99_0_0_all,-9,NA,7034,Landings,"A-All - reported, nonre",Imported
UK (England),3,Quarter,2020,mon.27.78abd,27.7.g,TBB_DEF_70-99_0_0_all,-9,NA,11309,Landings,"A-All - reported, nonre",Imported
UK (England),3,Quarter,2020,mon.27.78abd,27.7.g,OTB_CRU_70-99_0_0_all,-9,NA,98,Landings,"A-All - reported, nonre",Imported
UK (England),1,Quarter,2020,mon.27.78abd,27.7.g,OTB_DEF_>=120_0_0_all,-9,NA,34091,Landings,"A-All - reported, nonre",Imported
UK (England),4,Quarter,2020,mon.27.78abd,27.7.g,OTB_DEF_>=120_0_0_all,-9,NA,3207,Landings,"A-All - reported, nonre",Imported
UK (England),1,Quarter,2020,mon.27.78abd,27.7.g,GTR_DEF_all_0_0_all,-9,NA,203,Landings,"A-All - reported, nonre",Imported
UK (England),1,Quarter,2020,mon.27.78abd,27.7.g,GTR_DEF_all_0_0_all,-9,NA,467,Discards,"A-All - reported, nonre",Imported
UK (England),4,Quarter,2020,mon.27.78abd,27.7.g,GTR_DEF_all_0_0_all,-9,NA,49,Landings,"A-All - reported, nonre",Imported
UK (England),2,Quarter,2020,mon.27.78abd,27.7.h,TBB_DEF_70-99_0_0_all,-9,NA,64661,Landings,"A-All - reported, nonre",Imported
UK (England),3,Quarter,2020,mon.27.78abd,27.7.h,OTB_DEF_>=120_0_0_all,-9,NA,5495,Landings,"A-All - reported, nonre",Imported
UK (England),4,Quarter,2020,mon.27.78abd,27.7.h,GNS_DEF_all_0_0_all,-9,NA,349,Landings,"A-All - reported, nonre",Imported
UK (England),2,Quarter,2020,mon.27.78abd,27.7.j,OTB_DEF_>=120_0_0_all,-9,NA,243000,Landings,"A-All - reported, nonre",Imported
UK (England),3,Quarter,2020,mon.27.78abd,27.7.j,GNS_DEF_all_0_0_all,-9,NA,1040,Landings,"A-All - reported, nonre",Imported
UK (England),2,Quarter,2020,mon.27.78abd,27.7.j,GTR_DEF_all_0_0_all,-9,NA,319,Landings,"A-All - reported, nonre",Imported
UK (England),1,Quarter,2020,mon.27.78abd,27.7.k,OTB_DEF_>=120_0_0_all,-9,NA,1218,Landings,"A-All - reported, nonre",Imported
UK (England),3,Quarter,2020,mon.27.78abd,27.7.a,OTB_DEF_>=120_0_0_all,-9,NA,10,Landings,"A-All - reported, nonre",Imported
UK (England),2,Quarter,2020,mon.27.78abd,27.7.a,OTB_DEF_70-99_0_0_all,-9,NA,53,Landings,"A-All - reported, nonre",Imported
UK (England),1,Quarter,2020,mon.27.78abd,27.7.f,TBB_DEF_70-99_0_0_all,-9,NA,19891,Landings,"A-All - reported, nonre",Imported
UK (England),1,Quarter,2020,mon.27.78abd,27.7.f,TBB_DEF_70-99_0_0_all,-9,NA,3277,Discards,"A-All - reported, nonre",Imported
UK (England),4,Quarter,2020,mon.27.78abd,27.7.f,TBB_DEF_70-99_0_0_all,-9,NA,15816,Landings,"A-All - reported, nonre",Imported
UK (England),2,Quarter,2020,mon.27.78abd,27.7.f,OTB_DEF_>=120_0_0_all,-9,NA,1980,Landings,"A-All - reported, nonre",Imported
UK (England),3,Quarter,2020,mon.27.78abd,27.7.f,OTB_SPF_32-69_0_0_all,-9,NA,3,Landings,"A-All - reported, nonre",Imported
UK (England),1,Quarter,2020,mon.27.78abd,27.7.b,OTB_DEF_70-99_0_0_all,-9,NA,8126,Landings,"A-All - reported, nonre",Imported
UK (England),4,Quarter,2020,mon.27.78abd,27.7.b,OTB_DEF_70-99_0_0_all,-9,NA,8408,Landings,"A-All - reported, nonre",Imported
UK (England),4,Quarter,2020,mon.27.78abd,27.7.c,OTB_DEF_>=120_0_0_all,-9,NA,97336,Landings,"A-All - reported, nonre",Imported
UK (England),1,Quarter,2020,mon.27.78abd,27.7.c,GNS_DEF_all_0_0_all,-9,NA,91302,Landings,"A-All - reported, nonre",Imported
UK (England),4,Quarter,2020,mon.27.78abd,27.7.c,GNS_DEF_all_0_0_all,-9,NA,16002,Landings,"A-All - reported, nonre",Imported
UK (England),3,Quarter,2020,mon.27.78abd,27.7.c,OTB_DEF_70-99_0_0_all,-9,NA,2642,Landings,"A-All - reported, nonre",Imported
UK (England),1,Quarter,2020,mon.27.78abd,27.7.g,TBB_DEF_70-99_0_0_all,-9,NA,2661,Landings,"A-All - reported, nonre",Imported
UK (England),4,Quarter,2020,mon.27.78abd,27.7.g,TBB_DEF_70-99_0_0_all,-9,NA,4176,Landings,"A-All - reported, nonre",Imported
UK (England),3,Quarter,2020,mon.27.78abd,27.7.g,OTB_DEF_>=120_0_0_all,-9,NA,7737,Landings,"A-All - reported, nonre",Imported
UK (England),3,Quarter,2020,mon.27.78abd,27.7.g,GNS_DEF_all_0_0_all,-9,NA,2221,Landings,"A-All - reported, nonre",Imported
UK (England),2,Quarter,2020,mon.27.78abd,27.7.g,GTR_DEF_all_0_0_all,-9,NA,1172,Landings,"A-All - reported, nonre",Imported
UK (England),3,Quarter,2020,mon.27.78abd,27.7.h,TBB_DEF_70-99_0_0_all,-9,NA,50405,Landings,"A-All - reported, nonre",Imported
UK (England),2,Quarter,2020,mon.27.78abd,27.7.h,OTB_DEF_>=120_0_0_all,-9,NA,6075,Landings,"A-All - reported, nonre",Imported
UK (England),2,Quarter,2020,mon.27.78abd,27.7.h,GNS_DEF_all_0_0_all,-9,NA,4545,Landings,"A-All - reported, nonre",Imported
UK (England),1,Quarter,2020,mon.27.78abd,27.7.h,GTR_DEF_all_0_0_all,-9,NA,2251,Landings,"A-All - reported, nonre",Imported
UK (England),4,Quarter,2020,mon.27.78abd,27.7.h,GTR_DEF_all_0_0_all,-9,NA,195,Landings,"A-All - reported, nonre",Imported
UK (England),4,Quarter,2020,mon.27.78abd,27.7.h,OTB_DEF_70-99_0_0_all,-9,NA,1290,Landings,"A-All - reported, nonre",Imported
UK (England),1,Quarter,2020,mon.27.78abd,27.7.j,OTB_DEF_>=120_0_0_all,-9,NA,261626,Landings,"A-All - reported, nonre",Imported
UK (England),4,Quarter,2020,mon.27.78abd,27.7.j,OTB_DEF_>=120_0_0_all,-9,NA,201197,Landings,"A-All - reported, nonre",Imported
UK (England),1,Quarter,2020,mon.27.78abd,27.7.j,GNS_DEF_all_0_0_all,-9,NA,557,Landings,"A-All - reported, nonre",Imported
UK (England),1,Quarter,2020,mon.27.78abd,27.7.j,GNS_DEF_all_0_0_all,-9,NA,0,Discards,"A-All - reported, nonre",Imported
UK (England),4,Quarter,2020,mon.27.78abd,27.7.j,GNS_DEF_all_0_0_all,-9,NA,3438,Landings,"A-All - reported, nonre",Imported
UK (England),3,Quarter,2020,mon.27.78abd,27.7.j,OTB_DEF_70-99_0_0_all,-9,NA,7721,Landings,"A-All - reported, nonre",Imported
UK (England),3,Quarter,2020,mon.27.78abd,27.7.k,OTB_DEF_>=120_0_0_all,-9,NA,6333,Landings,"A-All - reported, nonre",Imported
UK (England),1,Quarter,2020,mon.27.78abd,27.8.a,GNS_DEF_all_0_0_all,-9,NA,42048,Landings,"A-All - reported, nonre",Imported
UK (England),1,Quarter,2020,mon.27.78abd,27.8.d,GNS_DEF_all_0_0_all,-9,NA,15311,Landings,"A-All - reported, nonre",Imported
UK (England),2,Quarter,2020,mon.27.78abd,27.7.a,TBB_DEF_70-99_0_0_all,-9,NA,1194,Landings,"A-All - reported, nonre",Imported
UK (England),2,Quarter,2020,mon.27.78abd,27.7.a,OTB_CRU_70-99_0_0_all,-9,NA,497,Landings,"A-All - reported, nonre",Imported
UK (England),4,Quarter,2020,mon.27.78abd,27.7.a,OTB_DEF_>=120_0_0_all,-9,NA,57,Landings,"A-All - reported, nonre",Imported
UK (England),3,Quarter,2020,mon.27.78abd,27.7.a,OTB_DEF_70-99_0_0_all,-9,NA,56,Landings,"A-All - reported, nonre",Imported
UK (England),2,Quarter,2020,mon.27.78abd,27.7.e,OTB_CRU_70-99_0_0_all,-9,NA,113,Landings,"A-All - reported, nonre",Imported
UK (England),1,Quarter,2020,mon.27.78abd,27.7.e,SSC_DEF_All_0_0_All,-9,NA,58,Landings,"A-All - reported, nonre",Imported
UK (England),3,Quarter,2020,mon.27.78abd,27.7.f,OTB_DEF_>=120_0_0_all,-9,NA,2876,Landings,"A-All - reported, nonre",Imported
UK (England),3,Quarter,2020,mon.27.78abd,27.7.f,GNS_DEF_all_0_0_all,-9,NA,4586,Landings,"A-All - reported, nonre",Imported
UK (England),2,Quarter,2020,mon.27.78abd,27.7.f,OTB_DEF_70-99_0_0_all,-9,NA,249,Landings,"A-All - reported, nonre",Imported
UK (England),2,Quarter,2020,mon.27.78abd,27.7.b,OTB_DEF_>=120_0_0_all,-9,NA,47923,Landings,"A-All - reported, nonre",Imported
UK (England),1,Quarter,2020,mon.27.78abd,27.7.c,OTB_DEF_>=120_0_0_all,-9,NA,18617,Landings,"A-All - reported, nonre",Imported
UK (England),4,Quarter,2020,mon.27.78abd,27.7.c,OTB_DEF_70-99_0_0_all,-9,NA,1386,Landings,"A-All - reported, nonre",Imported
UK (England),2,Quarter,2020,mon.27.78abd,27.7.g,TBB_DEF_70-99_0_0_all,-9,NA,14113,Landings,"A-All - reported, nonre",Imported
UK (England),1,Quarter,2020,mon.27.78abd,27.7.g,GNS_DEF_all_0_0_all,-9,NA,796,Landings,"A-All - reported, nonre",Imported
UK (England),4,Quarter,2020,mon.27.78abd,27.7.g,GNS_DEF_all_0_0_all,-9,NA,239,Landings,"A-All - reported, nonre",Imported
UK (England),3,Quarter,2020,mon.27.78abd,27.7.g,GTR_DEF_all_0_0_all,-9,NA,2785,Landings,"A-All - reported, nonre",Imported
UK (England),1,Quarter,2020,mon.27.78abd,27.7.h,TBB_DEF_70-99_0_0_all,-9,NA,36399,Landings,"A-All - reported, nonre",Imported
UK (England),3,Quarter,2020,mon.27.78abd,27.7.h,GNS_DEF_all_0_0_all,-9,NA,308,Landings,"A-All - reported, nonre",Imported
UK (England),2,Quarter,2020,mon.27.78abd,27.7.h,GTR_DEF_all_0_0_all,-9,NA,869,Landings,"A-All - reported, nonre",Imported
UK (England),2,Quarter,2020,mon.27.78abd,27.7.j,GNS_DEF_all_0_0_all,-9,NA,6522,Landings,"A-All - reported, nonre",Imported
UK (England),1,Quarter,2020,mon.27.78abd,27.7.j,OTB_DEF_70-99_0_0_all,-9,NA,5591,Landings,"A-All - reported, nonre",Imported
UK (England),4,Quarter,2020,mon.27.78abd,27.7.j,OTB_DEF_70-99_0_0_all,-9,NA,9965,Landings,"A-All - reported, nonre",Imported
UK (England),4,Quarter,2020,mon.27.78abd,27.7.k,OTB_DEF_>=120_0_0_all,-9,NA,2476,Landings,"A-All - reported, nonre",Imported
UK (England),4,Quarter,2020,mon.27.78abd,27.7.k,GNS_DEF_all_0_0_all,-9,NA,51312,Landings,"A-All - reported, nonre",Imported
Ireland,1,Quarter,2020,mon.27.78abd,27.7.b,MIS_MIS_0_0_0_HC,-9,NA,26,Landings,R-Reported,Imported
Ireland,3,Quarter,2020,mon.27.78abd,27.7.b,GNS_DEF_120-219_0_0_all,-9,NA,163,Landings,R-Reported,Imported
Ireland,1,Quarter,2020,mon.27.78abd,27.7.b,SSC_DEF_100-119_0_0_all,-9,NA,364,Landings,R-Reported,Imported
Ireland,3,Quarter,2020,mon.27.78abd,27.7.j,OTB_DWS_100-119_0_0_all,-9,NA,26,Landings,R-Reported,Imported
Ireland,2,Quarter,2020,mon.27.78abd,27.7.b,SSC_DEF_100-119_0_0_all,-9,NA,1930,Landings,R-Reported,Imported
Ireland,3,Quarter,2020,mon.27.78abd,27.7.b,SSC_DEF_100-119_0_0_all,-9,NA,1389,Landings,R-Reported,Imported
Ireland,2,Quarter,2020,mon.27.78abd,27.7.b,GNS_DEF_120-219_0_0_all,-9,NA,21,Landings,R-Reported,Imported
UK(Scotland),3,Quarter,2020,mon.27.78abd,27.7.e,OTB_DEF_>=120_0_0_all,2400,kWd,142,Landings,R-Reported,Imported
UK(Scotland),1,Quarter,2020,mon.27.78abd,27.7.d,MIS_MIS_0_0_0_HC,19474,kWd,514,Landings,R-Reported,Imported
UK(Scotland),4,Quarter,2020,mon.27.78abd,27.7.d,MIS_MIS_0_0_0_HC,7628,kWd,375,Landings,R-Reported,Imported
UK(Scotland),3,Quarter,2020,mon.27.78abd,27.7.e,MIS_MIS_0_0_0_HC,3342,kWd,159,Landings,R-Reported,Imported
UK(Scotland),2,Quarter,2020,mon.27.78abd,27.7.e,OTB_DEF_>=120_0_0_all,1570,kWd,128,Landings,R-Reported,Imported
UK(Scotland),3,Quarter,2020,mon.27.78abd,27.7.d,MIS_MIS_0_0_0_HC,5587,kWd,183,Landings,R-Reported,Imported
UK(Scotland),2,Quarter,2020,mon.27.78abd,27.7.e,MIS_MIS_0_0_0_HC,1020,kWd,22,Landings,R-Reported,Imported
UK(Scotland),1,Quarter,2020,mon.27.78abd,27.7.a,MIS_MIS_0_0_0_HC,151201,kWd,99,Landings,R-Reported,Imported
UK(Scotland),4,Quarter,2020,mon.27.78abd,27.7.a,MIS_MIS_0_0_0_HC,161528,kWd,72,Landings,R-Reported,Imported
UK(Scotland),2,Quarter,2020,mon.27.78abd,27.7.d,MIS_MIS_0_0_0_HC,-9,kWd,169,Landings,R-Reported,Imported
UK(Scotland),1,Quarter,2020,mon.27.78abd,27.7.e,MIS_MIS_0_0_0_HC,4924,kWd,29,Landings,R-Reported,Imported
